DataId,DiagramId,TypeId,Regions,RegionType,Zindex,ColorCode,UnitLength
1,1,1,"9,11,8,110","R",1,"#e40429",1.000
4,1,1,"962,11,8,110","R",1,"#e40429",1.000
7,1,2,"28,52,36,74|36,52,28,74","P",1,"#69b643",1.000
8,1,2,"950,52,942,74|942,52,950,74","P",1,"#69b643",1.000
9,1,4,"39,18,4,96","R",1,"#f82add",1.000
10,1,4,"937,18,4,96","R",1,"#f82add",1.000
11,1,5,"53,18,4,96","R",1,"#f7f406",1.000
12,1,5,"923,18,4,96","R",1,"#f7f406",1.000
13,1,6,"61,18,51,5","R",1,"#ecfa06",3.000
15,1,6,"61, 109, 51, 5","R",1,"#ecfa06",3.000
16,1,6,"426, 18, 40, 5","R",1,"#ecfa06",3.000
17,1,6,"426, 109, 40, 5","R",1,"#ecfa06",3.000
18,1,6,"869, 18, 50, 5","R",1,"#ecfa06",3.000
19,1,6,"869, 109, 50, 5","R",1,"#ecfa06",3.000
23,1,3,"17,11,14,6","R",1,"#affd06",1.000
24,1,3,"31,11,14,6","R",1,"#affd06",1.000
25,1,3,"45,11,14,6","R",1,"#affd06",1.000
26,1,3,"59,11,14,6","R",1,"#affd06",1.000
27,1,3,"73,11,14,6","R",1,"#affd06",1.000
28,1,3,"87,11,14,6","R",1,"#affd06",1.000
29,1,3,"101,11,14,6","R",1,"#affd06",1.000
30,1,3,"115,11,14,6","R",1,"#affd06",1.000
31,1,3,"129,11,14,6","R",1,"#affd06",1.000
32,1,3,"143,11,14,6","R",1,"#affd06",1.000
33,1,3,"157,11,14,6","R",1,"#affd06",1.000
34,1,3,"171,11,14,6","R",1,"#affd06",1.000
35,1,3,"185,11,14,6","R",1,"#affd06",1.000
36,1,3,"199,11,14,6","R",1,"#affd06",1.000
37,1,3,"213,11,14,6","R",1,"#affd06",1.000
38,1,3,"227,11,14,6","R",1,"#affd06",1.000
39,1,3,"241,11,14,6","R",1,"#affd06",1.000
40,1,3,"255,11,14,6","R",1,"#affd06",1.000
41,1,3,"269,11,14,6","R",1,"#affd06",1.000
42,1,3,"283,11,14,6","R",1,"#affd06",1.000
43,1,3,"297,11,14,6","R",1,"#affd06",1.000
44,1,3,"311,11,14,6","R",1,"#affd06",1.000
45,1,3,"325,11,14,6","R",1,"#affd06",1.000
46,1,3,"339,11,14,6","R",1,"#affd06",1.000
47,1,3,"353,11,14,6","R",1,"#affd06",1.000
48,1,3,"367,11,14,6","R",1,"#affd06",1.000
49,1,3,"381,11,14,6","R",1,"#affd06",1.000
50,1,3,"395,11,14,6","R",1,"#affd06",1.000
51,1,3,"409,11,14,6","R",1,"#affd06",1.000
52,1,3,"423,11,14,6","R",1,"#affd06",1.000
53,1,3,"437,11,14,6","R",1,"#affd06",1.000
54,1,3,"451,11,14,6","R",1,"#affd06",1.000
55,1,3,"465,11,14,6","R",1,"#affd06",1.000
56,1,3,"479,11,14,6","R",1,"#affd06",1.000
57,1,3,"493,11,14,6","R",1,"#affd06",1.000
58,1,3,"507,11,14,6","R",1,"#affd06",1.000
59,1,3,"521,11,14,6","R",1,"#affd06",1.000
60,1,3,"535,11,14,6","R",1,"#affd06",1.000
61,1,3,"549,11,14,6","R",1,"#affd06",1.000
62,1,3,"563,11,14,6","R",1,"#affd06",1.000
63,1,3,"577,11,14,6","R",1,"#affd06",1.000
64,1,3,"591,11,14,6","R",1,"#affd06",1.000
65,1,3,"605,11,14,6","R",1,"#affd06",1.000
66,1,3,"619,11,14,6","R",1,"#affd06",1.000
67,1,3,"633,11,14,6","R",1,"#affd06",1.000
68,1,3,"647,11,14,6","R",1,"#affd06",1.000
69,1,3,"661,11,14,6","R",1,"#affd06",1.000
70,1,3,"675,11,14,6","R",1,"#affd06",1.000
71,1,3,"689,11,14,6","R",1,"#affd06",1.000
72,1,3,"703,11,14,6","R",1,"#affd06",1.000
73,1,3,"717,11,14,6","R",1,"#affd06",1.000
74,1,3,"731,11,14,6","R",1,"#affd06",1.000
75,1,3,"745,11,14,6","R",1,"#affd06",1.000
76,1,3,"759,11,14,6","R",1,"#affd06",1.000
77,1,3,"773,11,14,6","R",1,"#affd06",1.000
78,1,3,"787,11,14,6","R",1,"#affd06",1.000
79,1,3,"801,11,14,6","R",1,"#affd06",1.000
80,1,3,"815,11,14,6","R",1,"#affd06",1.000
81,1,3,"829,11,14,6","R",1,"#affd06",1.000
82,1,3,"843,11,14,6","R",1,"#affd06",1.000
83,1,3,"857,11,14,6","R",1,"#affd06",1.000
84,1,3,"871,11,14,6","R",1,"#affd06",1.000
85,1,3,"885,11,14,6","R",1,"#affd06",1.000
86,1,3,"899,11,14,6","R",1,"#affd06",1.000
87,1,3,"913,11,13,6","R",1,"#affd06",1.000
88,1,3,"926,11,13,6","R",1,"#affd06",1.000
89,1,3,"939,11,13,6","R",1,"#affd06",1.000
90,1,3,"952,11,10,6","R",1,"#affd06",1.000
92,1,3,"31,114,14,6","R",1,"#affd06",1.000
93,1,3,"45,114,14,6","R",1,"#affd06",1.000
94,1,3,"59,114,14,6","R",1,"#affd06",1.000
95,1,3,"73,114,14,6","R",1,"#affd06",1.000
96,1,3,"87,114,14,6","R",1,"#affd06",1.000
97,1,3,"101,114,14,6","R",1,"#affd06",1.000
98,1,3,"115,114,14,6","R",1,"#affd06",1.000
99,1,3,"129,114,14,6","R",1,"#affd06",1.000
100,1,3,"143,114,14,6","R",1,"#affd06",1.000
101,1,3,"157,114,14,6","R",1,"#affd06",1.000
102,1,3,"171,114,14,6","R",1,"#affd06",1.000
103,1,3,"185,114,14,6","R",1,"#affd06",1.000
104,1,3,"199,114,14,6","R",1,"#affd06",1.000
105,1,3,"213,114,14,6","R",1,"#affd06",1.000
106,1,3,"227,114,14,6","R",1,"#affd06",1.000
107,1,3,"241,114,14,6","R",1,"#affd06",1.000
108,1,3,"255,114,14,6","R",1,"#affd06",1.000
109,1,3,"269,114,14,6","R",1,"#affd06",1.000
110,1,3,"283,114,14,6","R",1,"#affd06",1.000
111,1,3,"297,114,14,6","R",1,"#affd06",1.000
112,1,3,"311,114,14,6","R",1,"#affd06",1.000
113,1,3,"325,114,14,6","R",1,"#affd06",1.000
114,1,3,"339,114,14,6","R",1,"#affd06",1.000
115,1,3,"353,114,14,6","R",1,"#affd06",1.000
116,1,3,"367,114,14,6","R",1,"#affd06",1.000
117,1,3,"381,114,14,6","R",1,"#affd06",1.000
118,1,3,"395,114,14,6","R",1,"#affd06",1.000
119,1,3,"409,114,14,6","R",1,"#affd06",1.000
120,1,3,"423,114,14,6","R",1,"#affd06",1.000
121,1,3,"437,114,14,6","R",1,"#affd06",1.000
122,1,3,"451,114,14,6","R",1,"#affd06",1.000
123,1,3,"465,114,14,6","R",1,"#affd06",1.000
124,1,3,"479,114,14,6","R",1,"#affd06",1.000
125,1,3,"493,114,14,6","R",1,"#affd06",1.000
126,1,3,"507,114,14,6","R",1,"#affd06",1.000
127,1,3,"521,114,14,6","R",1,"#affd06",1.000
128,1,3,"535,114,14,6","R",1,"#affd06",1.000
129,1,3,"549,114,14,6","R",1,"#affd06",1.000
130,1,3,"563,114,14,6","R",1,"#affd06",1.000
131,1,3,"577,114,14,6","R",1,"#affd06",1.000
132,1,3,"591,114,14,6","R",1,"#affd06",1.000
133,1,3,"605,114,14,6","R",1,"#affd06",1.000
134,1,3,"619,114,14,6","R",1,"#affd06",1.000
135,1,3,"633,114,14,6","R",1,"#affd06",1.000
136,1,3,"647,114,14,6","R",1,"#affd06",1.000
137,1,3,"661,114,14,6","R",1,"#affd06",1.000
138,1,3,"675,114,14,6","R",1,"#affd06",1.000
139,1,3,"689,114,14,6","R",1,"#affd06",1.000
140,1,3,"703,114,14,6","R",1,"#affd06",1.000
141,1,3,"717,114,14,6","R",1,"#affd06",1.000
142,1,3,"731,114,14,6","R",1,"#affd06",1.000
143,1,3,"745,114,14,6","R",1,"#affd06",1.000
144,1,3,"759,114,14,6","R",1,"#affd06",1.000
145,1,3,"773,114,14,6","R",1,"#affd06",1.000
146,1,3,"787,114,14,6","R",1,"#affd06",1.000
147,1,3,"801,114,14,6","R",1,"#affd06",1.000
148,1,3,"815,114,14,6","R",1,"#affd06",1.000
149,1,3,"829,114,14,6","R",1,"#affd06",1.000
150,1,3,"843,114,14,6","R",1,"#affd06",1.000
151,1,3,"857,114,14,6","R",1,"#affd06",1.000
152,1,3,"871,114,14,6","R",1,"#affd06",1.000
153,1,3,"885,114,14,6","R",1,"#affd06",1.000
154,1,3,"899,114,14,6","R",1,"#affd06",1.000
155,1,3,"913,114,13,6","R",1,"#affd06",1.000
156,1,3,"926,114,13,6","R",1,"#affd06",1.000
157,1,3,"939,114,13,6","R",1,"#affd06",1.000
158,1,3,"952,114,10,6","R",1,"#affd06",1.000
160,1,3,"17,114,14,6","R",1,"#affd06",1.000
161,1,10,"57,27,24,4","R",1,"#0e53f0",1.000
163,1,10,"57,35,24,4","R",1,"#0e53f0",1.000
165,1,10,"57,59,24,4","R",1,"#0e53f0",1.000
166,1,10,"57,67,24,4","R",1,"#0e53f0",1.000
167,1,10,"57,75,24,4","R",1,"#0e53f0",1.000
168,1,10,"57,83,24,4","R",1,"#0e53f0",1.000
169,1,10,"57,91,24,4","R",1,"#0e53f0",1.000
170,1,10,"57,99,24,4","R",1,"#0e53f0",1.000
171,1,10,"898,27,24,4","R",1,"#0e53f0",1.000
172,1,10,"898,35,24,4","R",1,"#0e53f0",1.000
173,1,10,"898,43,24,4","R",1,"#0e53f0",1.000
174,1,10,"898,51,24,4","R",1,"#0e53f0",1.000
175,1,10,"898,59,24,4","R",1,"#0e53f0",1.000
176,1,10,"898,67,24,4","R",1,"#0e53f0",1.000
177,1,10,"898,75,24,4","R",1,"#0e53f0",1.000
178,1,10,"898,83,24,4","R",1,"#0e53f0",1.000
179,1,10,"898,91,24,4","R",1,"#0e53f0",1.000
180,1,10,"898,99,24,4","R",1,"#0e53f0",1.000
181,1,9,"17,21,22,6","R",-1,"#0e53f0",1.000
183,1,9,"17,103,22,6","R",-1,"#0e53f0",1.000
185,1,9,"927,21,10,6","R",0,"#0e53f0",0.000
187,1,9,"927,103,10,6","R",0,"#0e53f0",0.000
189,1,10,"57,43,24,4","R",1,"#0e53f0",1.000
190,1,10,"57,51,24,4","R",1,"#0e53f0",1.000
193,1,13,"124,87,7,7","R",1,"#0a8f8d",1.000
194,1,13,"849,87,7,7","R",1,"#0a8f8d",1.000
195,1,13,"124,32,7,7","R",1,"#0a8f8d",1.000
196,1,13,"849,32,7,7","R",1,"#0a8f8d",1.000
199,1,14,"43,17,9,97","R",-2,"#c7d196",1.000
200,1,14,"926,17,9,97","R",-2,"#c7d196",1.000
201,1,11,"0,0,15,10","R",1,"#0e1e3a",1.000
202,1,11,"15,0,15,10","R",1,"#0e1e3a",1.000
203,1,11,"30,0,15,10","R",1,"#0e1e3a",1.000
204,1,11,"45,0,15,10","R",1,"#0e1e3a",1.000
205,1,11,"60,0,14,10","R",1,"#0e1e3a",1.000
206,1,11,"0,120,15,10","R",1,"#0e1e3a",1.000
207,1,11,"15,120,15,10","R",1,"#0e1e3a",1.000
208,1,11,"30,120,15,10","R",1,"#0e1e3a",1.000
209,1,11,"45,120,15,10","R",1,"#0e1e3a",1.000
210,1,11,"60,120,14,10","R",1,"#0e1e3a",1.000
211,1,11,"104,0,14,10","R",1,"#0e1e3a",1.000
212,1,11,"118,0,14,10","R",1,"#0e1e3a",1.000
213,1,11,"132,0,14,10","R",1,"#0e1e3a",1.000
214,1,11,"146,0,14,10","R",1,"#0e1e3a",1.000
215,1,11,"160,0,14,10","R",1,"#0e1e3a",1.000
216,1,11,"174,0,14,10","R",1,"#0e1e3a",1.000
217,1,11,"188,0,14,10","R",1,"#0e1e3a",1.000
218,1,11,"202,0,14,10","R",1,"#0e1e3a",1.000
219,1,11,"216,0,14,10","R",1,"#0e1e3a",1.000
220,1,11,"230,0,14,10","R",1,"#0e1e3a",1.000
221,1,11,"244,0,14,10","R",1,"#0e1e3a",1.000
222,1,11,"258,0,14,10","R",1,"#0e1e3a",1.000
223,1,11,"272,0,14,10","R",1,"#0e1e3a",1.000
224,1,11,"286,0,14,10","R",1,"#0e1e3a",1.000
225,1,11,"300,0,14,10","R",1,"#0e1e3a",1.000
226,1,11,"314,0,14,10","R",1,"#0e1e3a",1.000
227,1,11,"328,0,14,10","R",1,"#0e1e3a",1.000
228,1,11,"342,0,14,10","R",1,"#0e1e3a",1.000
229,1,11,"356,0,14,10","R",1,"#0e1e3a",1.000
230,1,11,"370,0,13,10","R",1,"#0e1e3a",1.000
231,1,11,"383,0,13,10","R",1,"#0e1e3a",1.000
232,1,11,"396,0,13,10","R",1,"#0e1e3a",1.000
233,1,11,"409,0,18,10","R",1,"#0e1e3a",1.000
234,1,11,"104,120,14,10","R",1,"#0e1e3a",1.000
235,1,11,"118,120,14,10","R",1,"#0e1e3a",1.000
236,1,11,"132,120,14,10","R",1,"#0e1e3a",1.000
237,1,11,"146,120,14,10","R",1,"#0e1e3a",1.000
238,1,11,"160,120,14,10","R",1,"#0e1e3a",1.000
239,1,11,"174,120,14,10","R",1,"#0e1e3a",1.000
240,1,11,"188,120,14,10","R",1,"#0e1e3a",1.000
241,1,11,"202,120,14,10","R",1,"#0e1e3a",1.000
242,1,11,"216,120,14,10","R",1,"#0e1e3a",1.000
243,1,11,"230,120,14,10","R",1,"#0e1e3a",1.000
244,1,11,"244,120,14,10","R",1,"#0e1e3a",1.000
245,1,11,"258,120,14,10","R",1,"#0e1e3a",1.000
246,1,11,"272,120,14,10","R",1,"#0e1e3a",1.000
247,1,11,"286,120,14,10","R",1,"#0e1e3a",1.000
248,1,11,"300,120,14,10","R",1,"#0e1e3a",1.000
249,1,11,"314,120,14,10","R",1,"#0e1e3a",1.000
250,1,11,"328,120,14,10","R",1,"#0e1e3a",1.000
251,1,11,"342,120,14,10","R",1,"#0e1e3a",1.000
252,1,11,"356,120,14,10","R",1,"#0e1e3a",1.000
253,1,11,"370,120,13,10","R",1,"#0e1e3a",1.000
254,1,11,"383,120,13,10","R",1,"#0e1e3a",1.000
255,1,11,"396,120,13,10","R",1,"#0e1e3a",1.000
256,1,11,"409,120,18,10","R",1,"#0e1e3a",1.000
257,1,15,"17,39,22,4","R",1,"#672929",1.000
258,1,15,"17,92,22,4","R",1,"#672929",1.000
259,1,15,"941,39,22,4","R",1,"#672929",1.000
260,1,15,"941,92,22,4","R",1,"#672929",1.000
262,1,11,"468,0,18,10","R",1,"#0e1e3a",1.000
263,1,11,"486,0,15,10","R",1,"#0e1e3a",1.000
264,1,11,"501,0,15,10","R",1,"#0e1e3a",1.000
265,1,11,"516,0,15,10","R",1,"#0e1e3a",1.000
266,1,11,"531,0,15,10","R",1,"#0e1e3a",1.000
267,1,11,"546,0,15,10","R",1,"#0e1e3a",1.000
268,1,11,"561,0,15,10","R",1,"#0e1e3a",1.000
269,1,11,"576,0,15,10","R",1,"#0e1e3a",1.000
270,1,11,"591,0,15,10","R",1,"#0e1e3a",1.000
271,1,11,"606,0,16,10","R",1,"#0e1e3a",1.000
272,1,11,"622,0,16,10","R",1,"#0e1e3a",1.000
273,1,11,"638,0,16,10","R",1,"#0e1e3a",1.000
274,1,11,"654,0,16,10","R",1,"#0e1e3a",1.000
275,1,11,"670,0,16,10","R",1,"#0e1e3a",1.000
276,1,11,"686,0,16,10","R",1,"#0e1e3a",1.000
277,1,11,"702,0,16,10","R",1,"#0e1e3a",1.000
278,1,11,"718,0,16,10","R",1,"#0e1e3a",1.000
279,1,11,"734,0,16,10","R",1,"#0e1e3a",1.000
280,1,11,"750,0,16,10","R",1,"#0e1e3a",1.000
281,1,11,"766,0,16,10","R",1,"#0e1e3a",1.000
282,1,11,"782,0,16,10","R",1,"#0e1e3a",1.000
283,1,11,"798,0,15,10","R",1,"#0e1e3a",1.000
284,1,11,"813,0,15,10","R",1,"#0e1e3a",1.000
285,1,11,"828,0,15,10","R",1,"#0e1e3a",1.000
286,1,11,"843,0,15,10","R",1,"#0e1e3a",1.000
287,1,11,"858,0,15,10","R",1,"#0e1e3a",1.000
288,1,11,"906,0,15,10","R",1,"#0e1e3a",1.000
289,1,11,"921,0,15,10","R",1,"#0e1e3a",1.000
290,1,11,"936,0,15,10","R",1,"#0e1e3a",1.000
291,1,11,"951,0,15,10","R",1,"#0e1e3a",1.000
292,1,11,"966,0,14,10","R",1,"#0e1e3a",1.000
293,1,11,"906,120,15,10","R",1,"#0e1e3a",1.000
294,1,11,"921,120,15,10","R",1,"#0e1e3a",1.000
295,1,11,"936,120,15,10","R",1,"#0e1e3a",1.000
296,1,11,"951,120,15,10","R",1,"#0e1e3a",1.000
297,1,11,"966,120,14,10","R",1,"#0e1e3a",1.000
299,1,11,"468,120,18,10","R",1,"#0e1e3a",1.000
300,1,11,"486,120,15,10","R",1,"#0e1e3a",1.000
301,1,11,"501,120,15,10","R",1,"#0e1e3a",1.000
302,1,11,"516,120,15,10","R",1,"#0e1e3a",1.000
303,1,11,"531,120,15,10","R",1,"#0e1e3a",1.000
304,1,11,"546,120,15,10","R",1,"#0e1e3a",1.000
305,1,11,"561,120,15,10","R",1,"#0e1e3a",1.000
306,1,11,"576,120,15,10","R",1,"#0e1e3a",1.000
307,1,11,"591,120,15,10","R",1,"#0e1e3a",1.000
308,1,11,"606,120,16,10","R",1,"#0e1e3a",1.000
309,1,11,"622,120,16,10","R",1,"#0e1e3a",1.000
310,1,11,"638,120,16,10","R",1,"#0e1e3a",1.000
311,1,11,"654,120,16,10","R",1,"#0e1e3a",1.000
312,1,11,"670,120,16,10","R",1,"#0e1e3a",1.000
313,1,11,"686,120,16,10","R",1,"#0e1e3a",1.000
314,1,11,"702,120,16,10","R",1,"#0e1e3a",1.000
315,1,11,"718,120,16,10","R",1,"#0e1e3a",1.000
316,1,11,"734,120,16,10","R",1,"#0e1e3a",1.000
317,1,11,"750,120,16,10","R",1,"#0e1e3a",1.000
318,1,11,"766,120,16,10","R",1,"#0e1e3a",1.000
319,1,11,"782,120,16,10","R",1,"#0e1e3a",1.000
320,1,11,"798,120,15,10","R",1,"#0e1e3a",1.000
321,1,11,"813,120,15,10","R",1,"#0e1e3a",1.000
322,1,11,"828,120,15,10","R",1,"#0e1e3a",1.000
323,1,11,"843,120,15,10","R",1,"#0e1e3a",1.000
324,1,11,"858,120,15,10","R",1,"#0e1e3a",1.000
847,1,7,"81,17,14,10","R",-1,"#caf8f7",0.500
848,1,7,"95,17,14,10","R",-1,"#caf8f7",0.500
849,1,7,"109,17,14,10","R",-1,"#caf8f7",0.500
850,1,7,"123,17,14,10","R",-1,"#caf8f7",0.500
851,1,7,"137,17,14,10","R",-1,"#caf8f7",0.500
852,1,7,"151,17,14,10","R",-1,"#caf8f7",0.500
853,1,7,"165,17,14,10","R",-1,"#caf8f7",0.500
854,1,7,"179,17,14,10","R",-1,"#caf8f7",0.500
855,1,7,"193,17,14,10","R",-1,"#caf8f7",0.500
856,1,7,"207,17,14,10","R",-1,"#caf8f7",0.500
857,1,7,"221,17,14,10","R",-1,"#caf8f7",0.500
858,1,7,"235,17,14,10","R",-1,"#caf8f7",0.500
859,1,7,"249,17,14,10","R",-1,"#caf8f7",0.500
860,1,7,"263,17,14,10","R",-1,"#caf8f7",0.500
861,1,7,"277,17,14,10","R",-1,"#caf8f7",0.500
862,1,7,"291,17,14,10","R",-1,"#caf8f7",0.500
863,1,7,"305,17,14,10","R",-1,"#caf8f7",0.500
864,1,7,"319,17,14,10","R",-1,"#caf8f7",0.500
865,1,7,"333,17,14,10","R",-1,"#caf8f7",0.500
866,1,7,"347,17,14,10","R",-1,"#caf8f7",0.500
867,1,7,"361,17,14,10","R",-1,"#caf8f7",0.500
868,1,7,"375,17,14,10","R",-1,"#caf8f7",0.500
869,1,7,"389,17,14,10","R",-1,"#caf8f7",0.500
870,1,7,"403,17,14,10","R",-1,"#caf8f7",0.500
871,1,7,"417,17,14,10","R",-1,"#caf8f7",0.500
872,1,7,"431,17,14,10","R",-1,"#caf8f7",0.500
873,1,7,"445,17,14,10","R",-1,"#caf8f7",0.500
874,1,7,"459,17,14,10","R",-1,"#caf8f7",0.500
875,1,7,"473,17,14,10","R",-1,"#caf8f7",0.500
876,1,7,"487,17,14,10","R",-1,"#caf8f7",0.500
877,1,7,"501,17,14,10","R",-1,"#caf8f7",0.500
878,1,7,"515,17,14,10","R",-1,"#caf8f7",0.500
879,1,7,"529,17,14,10","R",-1,"#caf8f7",0.500
880,1,7,"543,17,14,10","R",-1,"#caf8f7",0.500
881,1,7,"557,17,14,10","R",-1,"#caf8f7",0.500
882,1,7,"571,17,14,10","R",-1,"#caf8f7",0.500
883,1,7,"585,17,14,10","R",-1,"#caf8f7",0.500
884,1,7,"599,17,14,10","R",-1,"#caf8f7",0.500
885,1,7,"613,17,14,10","R",-1,"#caf8f7",0.500
886,1,7,"627,17,14,10","R",-1,"#caf8f7",0.500
887,1,7,"641,17,14,10","R",-1,"#caf8f7",0.500
888,1,7,"655,17,14,10","R",-1,"#caf8f7",0.500
889,1,7,"669,17,14,10","R",-1,"#caf8f7",0.500
890,1,7,"683,17,14,10","R",-1,"#caf8f7",0.500
891,1,7,"697,17,14,10","R",-1,"#caf8f7",0.500
892,1,7,"711,17,14,10","R",-1,"#caf8f7",0.500
893,1,7,"725,17,14,10","R",-1,"#caf8f7",0.500
894,1,7,"739,17,14,10","R",-1,"#caf8f7",0.500
895,1,7,"753,17,14,10","R",-1,"#caf8f7",0.500
896,1,7,"767,17,14,10","R",-1,"#caf8f7",0.500
897,1,7,"781,17,14,10","R",-1,"#caf8f7",0.500
898,1,7,"795,17,14,10","R",-1,"#caf8f7",0.500
899,1,7,"809,17,14,10","R",-1,"#caf8f7",0.500
900,1,7,"823,17,15,10","R",-1,"#caf8f7",0.500
901,1,7,"838,17,15,10","R",-1,"#caf8f7",0.500
902,1,7,"853,17,15,10","R",-1,"#caf8f7",0.500
903,1,7,"868,17,15,10","R",-1,"#caf8f7",0.500
904,1,7,"883,17,15,10","R",-1,"#caf8f7",0.500
905,1,7,"81,57,14,10","R",-1,"#caf8f7",0.500
906,1,7,"95,57,14,10","R",-1,"#caf8f7",0.500
907,1,7,"109,57,14,10","R",-1,"#caf8f7",0.500
908,1,7,"123,57,14,10","R",-1,"#caf8f7",0.500
909,1,7,"137,57,14,10","R",-1,"#caf8f7",0.500
910,1,7,"151,57,14,10","R",-1,"#caf8f7",0.500
911,1,7,"165,57,14,10","R",-1,"#caf8f7",0.500
912,1,7,"179,57,14,10","R",-1,"#caf8f7",0.500
913,1,7,"193,57,14,10","R",-1,"#caf8f7",0.500
914,1,7,"207,57,14,10","R",-1,"#caf8f7",0.500
915,1,7,"221,57,14,10","R",-1,"#caf8f7",0.500
916,1,7,"235,57,14,10","R",-1,"#caf8f7",0.500
917,1,7,"249,57,14,10","R",-1,"#caf8f7",0.500
918,1,7,"263,57,14,10","R",-1,"#caf8f7",0.500
919,1,7,"277,57,14,10","R",-1,"#caf8f7",0.500
920,1,7,"291,57,14,10","R",-1,"#caf8f7",0.500
921,1,7,"305,57,14,10","R",-1,"#caf8f7",0.500
922,1,7,"319,57,14,10","R",-1,"#caf8f7",0.500
923,1,7,"333,57,14,10","R",-1,"#caf8f7",0.500
924,1,7,"347,57,14,10","R",-1,"#caf8f7",0.500
925,1,7,"361,57,14,10","R",-1,"#caf8f7",0.500
926,1,7,"375,57,14,10","R",-1,"#caf8f7",0.500
927,1,7,"389,57,14,10","R",-1,"#caf8f7",0.500
928,1,7,"403,57,14,10","R",-1,"#caf8f7",0.500
929,1,7,"417,57,14,10","R",-1,"#caf8f7",0.500
930,1,7,"431,57,14,10","R",-1,"#caf8f7",0.500
931,1,7,"445,57,14,10","R",-1,"#caf8f7",0.500
932,1,7,"459,57,14,10","R",-1,"#caf8f7",0.500
933,1,7,"473,57,14,10","R",-1,"#caf8f7",0.500
934,1,7,"487,57,14,10","R",-1,"#caf8f7",0.500
935,1,7,"501,57,14,10","R",-1,"#caf8f7",0.500
936,1,7,"515,57,14,10","R",-1,"#caf8f7",0.500
937,1,7,"529,57,14,10","R",-1,"#caf8f7",0.500
938,1,7,"543,57,14,10","R",-1,"#caf8f7",0.500
939,1,7,"557,57,14,10","R",-1,"#caf8f7",0.500
940,1,7,"571,57,14,10","R",-1,"#caf8f7",0.500
941,1,7,"585,57,14,10","R",-1,"#caf8f7",0.500
942,1,7,"599,57,14,10","R",-1,"#caf8f7",0.500
943,1,7,"613,57,14,10","R",-1,"#caf8f7",0.500
944,1,7,"627,57,14,10","R",-1,"#caf8f7",0.500
945,1,7,"641,57,14,10","R",-1,"#caf8f7",0.500
946,1,7,"655,57,14,10","R",-1,"#caf8f7",0.500
947,1,7,"669,57,14,10","R",-1,"#caf8f7",0.500
948,1,7,"683,57,14,10","R",-1,"#caf8f7",0.500
949,1,7,"697,57,14,10","R",-1,"#caf8f7",0.500
950,1,7,"711,57,14,10","R",-1,"#caf8f7",0.500
951,1,7,"725,57,14,10","R",-1,"#caf8f7",0.500
952,1,7,"739,57,14,10","R",-1,"#caf8f7",0.500
953,1,7,"753,57,14,10","R",-1,"#caf8f7",0.500
954,1,7,"767,57,14,10","R",-1,"#caf8f7",0.500
955,1,7,"781,57,14,10","R",-1,"#caf8f7",0.500
956,1,7,"795,57,14,10","R",-1,"#caf8f7",0.500
957,1,7,"809,57,14,10","R",-1,"#caf8f7",0.500
958,1,7,"823,57,15,10","R",-1,"#caf8f7",0.500
959,1,7,"838,57,15,10","R",-1,"#caf8f7",0.500
960,1,7,"853,57,15,10","R",-1,"#caf8f7",0.500
961,1,7,"868,57,15,10","R",-1,"#caf8f7",0.500
962,1,7,"883,57,15,10","R",-1,"#caf8f7",0.500
963,1,7,"81,27,14,10","R",-1,"#caf8f7",0.500
964,1,7,"95,27,14,10","R",-1,"#caf8f7",0.500
965,1,7,"109,27,14,10","R",-1,"#caf8f7",0.500
966,1,7,"123,27,14,10","R",-1,"#caf8f7",0.500
967,1,7,"137,27,14,10","R",-1,"#caf8f7",0.500
968,1,7,"151,27,14,10","R",-1,"#caf8f7",0.500
969,1,7,"165,27,14,10","R",-1,"#caf8f7",0.500
970,1,7,"179,27,14,10","R",-1,"#caf8f7",0.500
971,1,7,"193,27,14,10","R",-1,"#caf8f7",0.500
972,1,7,"207,27,14,10","R",-1,"#caf8f7",0.500
973,1,7,"221,27,14,10","R",-1,"#caf8f7",0.500
974,1,7,"235,27,14,10","R",-1,"#caf8f7",0.500
975,1,7,"249,27,14,10","R",-1,"#caf8f7",0.500
976,1,7,"263,27,14,10","R",-1,"#caf8f7",0.500
977,1,7,"277,27,14,10","R",-1,"#caf8f7",0.500
978,1,7,"291,27,14,10","R",-1,"#caf8f7",0.500
979,1,7,"305,27,14,10","R",-1,"#caf8f7",0.500
980,1,7,"319,27,14,10","R",-1,"#caf8f7",0.500
981,1,7,"333,27,14,10","R",-1,"#caf8f7",0.500
982,1,7,"347,27,14,10","R",-1,"#caf8f7",0.500
983,1,7,"361,27,14,10","R",-1,"#caf8f7",0.500
984,1,7,"375,27,14,10","R",-1,"#caf8f7",0.500
985,1,7,"389,27,14,10","R",-1,"#caf8f7",0.500
986,1,7,"403,27,14,10","R",-1,"#caf8f7",0.500
987,1,7,"417,27,14,10","R",-1,"#caf8f7",0.500
988,1,7,"431,27,14,10","R",-1,"#caf8f7",0.500
989,1,7,"445,27,14,10","R",-1,"#caf8f7",0.500
990,1,7,"459,27,14,10","R",-1,"#caf8f7",0.500
991,1,7,"473,27,14,10","R",-1,"#caf8f7",0.500
992,1,7,"487,27,14,10","R",-1,"#caf8f7",0.500
993,1,7,"501,27,14,10","R",-1,"#caf8f7",0.500
994,1,7,"515,27,14,10","R",-1,"#caf8f7",0.500
995,1,7,"529,27,14,10","R",-1,"#caf8f7",0.500
996,1,7,"543,27,14,10","R",-1,"#caf8f7",0.500
997,1,7,"557,27,14,10","R",-1,"#caf8f7",0.500
998,1,7,"571,27,14,10","R",-1,"#caf8f7",0.500
999,1,7,"585,27,14,10","R",-1,"#caf8f7",0.500
1000,1,7,"599,27,14,10","R",-1,"#caf8f7",0.500
1001,1,7,"613,27,14,10","R",-1,"#caf8f7",0.500
1002,1,7,"627,27,14,10","R",-1,"#caf8f7",0.500
1003,1,7,"641,27,14,10","R",-1,"#caf8f7",0.500
1004,1,7,"655,27,14,10","R",-1,"#caf8f7",0.500
1005,1,7,"669,27,14,10","R",-1,"#caf8f7",0.500
1006,1,7,"683,27,14,10","R",-1,"#caf8f7",0.500
1007,1,7,"697,27,14,10","R",-1,"#caf8f7",0.500
1008,1,7,"711,27,14,10","R",-1,"#caf8f7",0.500
1009,1,7,"725,27,14,10","R",-1,"#caf8f7",0.500
1010,1,7,"739,27,14,10","R",-1,"#caf8f7",0.500
1011,1,7,"753,27,14,10","R",-1,"#caf8f7",0.500
1012,1,7,"767,27,14,10","R",-1,"#caf8f7",0.500
1013,1,7,"781,27,14,10","R",-1,"#caf8f7",0.500
1014,1,7,"795,27,14,10","R",-1,"#caf8f7",0.500
1015,1,7,"809,27,14,10","R",-1,"#caf8f7",0.500
1016,1,7,"823,27,15,10","R",-1,"#caf8f7",0.500
1017,1,7,"838,27,15,10","R",-1,"#caf8f7",0.500
1018,1,7,"853,27,15,10","R",-1,"#caf8f7",0.500
1019,1,7,"868,27,15,10","R",-1,"#caf8f7",0.500
1020,1,7,"883,27,15,10","R",-1,"#caf8f7",0.500
1021,1,7,"81,37,14,10","R",-1,"#caf8f7",1.000
1022,1,7,"95,37,14,10","R",-1,"#caf8f7",1.000
1023,1,7,"109,37,14,10","R",-1,"#caf8f7",1.000
1024,1,7,"123,37,14,10","R",-1,"#caf8f7",1.000
1025,1,7,"137,37,14,10","R",-1,"#caf8f7",1.000
1026,1,7,"151,37,14,10","R",-1,"#caf8f7",1.000
1027,1,7,"165,37,14,10","R",-1,"#caf8f7",1.000
1028,1,7,"179,37,14,10","R",-1,"#caf8f7",1.000
1029,1,7,"193,37,14,10","R",-1,"#caf8f7",1.000
1030,1,7,"207,37,14,10","R",-1,"#caf8f7",1.000
1031,1,7,"221,37,14,10","R",-1,"#caf8f7",1.000
1032,1,7,"235,37,14,10","R",-1,"#caf8f7",1.000
1033,1,7,"249,37,14,10","R",-1,"#caf8f7",1.000
1034,1,7,"263,37,14,10","R",-1,"#caf8f7",1.000
1035,1,7,"277,37,14,10","R",-1,"#caf8f7",1.000
1036,1,7,"291,37,14,10","R",-1,"#caf8f7",1.000
1037,1,7,"305,37,14,10","R",-1,"#caf8f7",1.000
1038,1,7,"319,37,14,10","R",-1,"#caf8f7",1.000
1039,1,7,"333,37,14,10","R",-1,"#caf8f7",1.000
1040,1,7,"347,37,14,10","R",-1,"#caf8f7",1.000
1041,1,7,"361,37,14,10","R",-1,"#caf8f7",1.000
1042,1,7,"375,37,14,10","R",-1,"#caf8f7",1.000
1043,1,7,"389,37,14,10","R",-1,"#caf8f7",1.000
1044,1,7,"403,37,14,10","R",-1,"#caf8f7",1.000
1045,1,7,"417,37,14,10","R",-1,"#caf8f7",1.000
1046,1,7,"431,37,14,10","R",-1,"#caf8f7",1.000
1047,1,7,"445,37,14,10","R",-1,"#caf8f7",1.000
1048,1,7,"459,37,14,10","R",-1,"#caf8f7",1.000
1049,1,7,"473,37,14,10","R",-1,"#caf8f7",1.000
1050,1,7,"487,37,14,10","R",-1,"#caf8f7",1.000
1051,1,7,"501,37,14,10","R",-1,"#caf8f7",1.000
1052,1,7,"515,37,14,10","R",-1,"#caf8f7",1.000
1053,1,7,"529,37,14,10","R",-1,"#caf8f7",1.000
1054,1,7,"543,37,14,10","R",-1,"#caf8f7",1.000
1055,1,7,"557,37,14,10","R",-1,"#caf8f7",1.000
1056,1,7,"571,37,14,10","R",-1,"#caf8f7",1.000
1057,1,7,"585,37,14,10","R",-1,"#caf8f7",1.000
1058,1,7,"599,37,14,10","R",-1,"#caf8f7",1.000
1059,1,7,"613,37,14,10","R",-1,"#caf8f7",1.000
1060,1,7,"627,37,14,10","R",-1,"#caf8f7",1.000
1061,1,7,"641,37,14,10","R",-1,"#caf8f7",1.000
1062,1,7,"655,37,14,10","R",-1,"#caf8f7",1.000
1063,1,7,"669,37,14,10","R",-1,"#caf8f7",1.000
1064,1,7,"683,37,14,10","R",-1,"#caf8f7",1.000
1065,1,7,"697,37,14,10","R",-1,"#caf8f7",1.000
1066,1,7,"711,37,14,10","R",-1,"#caf8f7",1.000
1067,1,7,"725,37,14,10","R",-1,"#caf8f7",1.000
1068,1,7,"739,37,14,10","R",-1,"#caf8f7",1.000
1069,1,7,"753,37,14,10","R",-1,"#caf8f7",1.000
1070,1,7,"767,37,14,10","R",-1,"#caf8f7",1.000
1071,1,7,"781,37,14,10","R",-1,"#caf8f7",1.000
1072,1,7,"795,37,14,10","R",-1,"#caf8f7",1.000
1073,1,7,"809,37,14,10","R",-1,"#caf8f7",1.000
1074,1,7,"823,37,15,10","R",-1,"#caf8f7",1.000
1075,1,7,"838,37,15,10","R",-1,"#caf8f7",1.000
1076,1,7,"853,37,15,10","R",-1,"#caf8f7",1.000
1077,1,7,"868,37,15,10","R",-1,"#caf8f7",1.000
1078,1,7,"883,37,15,10","R",-1,"#caf8f7",1.000
1079,1,7,"81,47,14,10","R",-1,"#caf8f7",1.000
1080,1,7,"95,47,14,10","R",-1,"#caf8f7",1.000
1081,1,7,"109,47,14,10","R",-1,"#caf8f7",1.000
1082,1,7,"123,47,14,10","R",-1,"#caf8f7",1.000
1083,1,7,"137,47,14,10","R",-1,"#caf8f7",1.000
1084,1,7,"151,47,14,10","R",-1,"#caf8f7",1.000
1085,1,7,"165,47,14,10","R",-1,"#caf8f7",1.000
1086,1,7,"179,47,14,10","R",-1,"#caf8f7",1.000
1087,1,7,"193,47,14,10","R",-1,"#caf8f7",1.000
1088,1,7,"207,47,14,10","R",-1,"#caf8f7",1.000
1089,1,7,"221,47,14,10","R",-1,"#caf8f7",1.000
1090,1,7,"235,47,14,10","R",-1,"#caf8f7",1.000
1091,1,7,"249,47,14,10","R",-1,"#caf8f7",1.000
1092,1,7,"263,47,14,10","R",-1,"#caf8f7",1.000
1093,1,7,"277,47,14,10","R",-1,"#caf8f7",1.000
1094,1,7,"291,47,14,10","R",-1,"#caf8f7",1.000
1095,1,7,"305,47,14,10","R",-1,"#caf8f7",1.000
1096,1,7,"319,47,14,10","R",-1,"#caf8f7",1.000
1097,1,7,"333,47,14,10","R",-1,"#caf8f7",1.000
1098,1,7,"347,47,14,10","R",-1,"#caf8f7",1.000
1099,1,7,"361,47,14,10","R",-1,"#caf8f7",1.000
1100,1,7,"375,47,14,10","R",-1,"#caf8f7",1.000
1101,1,7,"389,47,14,10","R",-1,"#caf8f7",1.000
1102,1,7,"403,47,14,10","R",-1,"#caf8f7",1.000
1103,1,7,"417,47,14,10","R",-1,"#caf8f7",1.000
1104,1,7,"431,47,14,10","R",-1,"#caf8f7",1.000
1105,1,7,"445,47,14,10","R",-1,"#caf8f7",1.000
1106,1,7,"459,47,14,10","R",-1,"#caf8f7",1.000
1107,1,7,"473,47,14,10","R",-1,"#caf8f7",1.000
1108,1,7,"487,47,14,10","R",-1,"#caf8f7",1.000
1109,1,7,"501,47,14,10","R",-1,"#caf8f7",1.000
1110,1,7,"515,47,14,10","R",-1,"#caf8f7",1.000
1111,1,7,"529,47,14,10","R",-1,"#caf8f7",1.000
1112,1,7,"543,47,14,10","R",-1,"#caf8f7",1.000
1113,1,7,"557,47,14,10","R",-1,"#caf8f7",1.000
1114,1,7,"571,47,14,10","R",-1,"#caf8f7",1.000
1115,1,7,"585,47,14,10","R",-1,"#caf8f7",1.000
1116,1,7,"599,47,14,10","R",-1,"#caf8f7",1.000
1117,1,7,"613,47,14,10","R",-1,"#caf8f7",1.000
1118,1,7,"627,47,14,10","R",-1,"#caf8f7",1.000
1119,1,7,"641,47,14,10","R",-1,"#caf8f7",1.000
1120,1,7,"655,47,14,10","R",-1,"#caf8f7",1.000
1121,1,7,"669,47,14,10","R",-1,"#caf8f7",1.000
1122,1,7,"683,47,14,10","R",-1,"#caf8f7",1.000
1123,1,7,"697,47,14,10","R",-1,"#caf8f7",1.000
1124,1,7,"711,47,14,10","R",-1,"#caf8f7",1.000
1125,1,7,"725,47,14,10","R",-1,"#caf8f7",1.000
1126,1,7,"739,47,14,10","R",-1,"#caf8f7",1.000
1127,1,7,"753,47,14,10","R",-1,"#caf8f7",1.000
1128,1,7,"767,47,14,10","R",-1,"#caf8f7",1.000
1129,1,7,"781,47,14,10","R",-1,"#caf8f7",1.000
1130,1,7,"795,47,14,10","R",-1,"#caf8f7",1.000
1131,1,7,"809,47,14,10","R",-1,"#caf8f7",1.000
1132,1,7,"823,47,15,10","R",-1,"#caf8f7",1.000
1133,1,7,"838,47,15,10","R",-1,"#caf8f7",1.000
1134,1,7,"853,47,15,10","R",-1,"#caf8f7",1.000
1135,1,7,"868,47,15,10","R",-1,"#caf8f7",1.000
1136,1,7,"883,47,15,10","R",-1,"#caf8f7",1.000
1137,1,7,"81,67,14,10","R",-1,"#caf8f7",1.000
1138,1,7,"95,67,14,10","R",-1,"#caf8f7",1.000
1139,1,7,"109,67,14,10","R",-1,"#caf8f7",1.000
1140,1,7,"123,67,14,10","R",-1,"#caf8f7",1.000
1141,1,7,"137,67,14,10","R",-1,"#caf8f7",1.000
1142,1,7,"151,67,14,10","R",-1,"#caf8f7",1.000
1143,1,7,"165,67,14,10","R",-1,"#caf8f7",1.000
1144,1,7,"179,67,14,10","R",-1,"#caf8f7",1.000
1145,1,7,"193,67,14,10","R",-1,"#caf8f7",1.000
1146,1,7,"207,67,14,10","R",-1,"#caf8f7",1.000
1147,1,7,"221,67,14,10","R",-1,"#caf8f7",1.000
1148,1,7,"235,67,14,10","R",-1,"#caf8f7",1.000
1149,1,7,"249,67,14,10","R",-1,"#caf8f7",1.000
1150,1,7,"263,67,14,10","R",-1,"#caf8f7",1.000
1151,1,7,"277,67,14,10","R",-1,"#caf8f7",1.000
1152,1,7,"291,67,14,10","R",-1,"#caf8f7",1.000
1153,1,7,"305,67,14,10","R",-1,"#caf8f7",1.000
1154,1,7,"319,67,14,10","R",-1,"#caf8f7",1.000
1155,1,7,"333,67,14,10","R",-1,"#caf8f7",1.000
1156,1,7,"347,67,14,10","R",-1,"#caf8f7",1.000
1157,1,7,"361,67,14,10","R",-1,"#caf8f7",1.000
1158,1,7,"375,67,14,10","R",-1,"#caf8f7",1.000
1159,1,7,"389,67,14,10","R",-1,"#caf8f7",1.000
1160,1,7,"403,67,14,10","R",-1,"#caf8f7",1.000
1161,1,7,"417,67,14,10","R",-1,"#caf8f7",1.000
1162,1,7,"431,67,14,10","R",-1,"#caf8f7",1.000
1163,1,7,"445,67,14,10","R",-1,"#caf8f7",1.000
1164,1,7,"459,67,14,10","R",-1,"#caf8f7",1.000
1165,1,7,"473,67,14,10","R",-1,"#caf8f7",1.000
1166,1,7,"487,67,14,10","R",-1,"#caf8f7",1.000
1167,1,7,"501,67,14,10","R",-1,"#caf8f7",1.000
1168,1,7,"515,67,14,10","R",-1,"#caf8f7",1.000
1169,1,7,"529,67,14,10","R",-1,"#caf8f7",1.000
1170,1,7,"543,67,14,10","R",-1,"#caf8f7",1.000
1171,1,7,"557,67,14,10","R",-1,"#caf8f7",1.000
1172,1,7,"571,67,14,10","R",-1,"#caf8f7",1.000
1173,1,7,"585,67,14,10","R",-1,"#caf8f7",1.000
1174,1,7,"599,67,14,10","R",-1,"#caf8f7",1.000
1175,1,7,"613,67,14,10","R",-1,"#caf8f7",1.000
1176,1,7,"627,67,14,10","R",-1,"#caf8f7",1.000
1177,1,7,"641,67,14,10","R",-1,"#caf8f7",1.000
1178,1,7,"655,67,14,10","R",-1,"#caf8f7",1.000
1179,1,7,"669,67,14,10","R",-1,"#caf8f7",1.000
1180,1,7,"683,67,14,10","R",-1,"#caf8f7",1.000
1181,1,7,"697,67,14,10","R",-1,"#caf8f7",1.000
1182,1,7,"711,67,14,10","R",-1,"#caf8f7",1.000
1183,1,7,"725,67,14,10","R",-1,"#caf8f7",1.000
1184,1,7,"739,67,14,10","R",-1,"#caf8f7",1.000
1185,1,7,"753,67,14,10","R",-1,"#caf8f7",1.000
1186,1,7,"767,67,14,10","R",-1,"#caf8f7",1.000
1187,1,7,"781,67,14,10","R",-1,"#caf8f7",1.000
1188,1,7,"795,67,14,10","R",-1,"#caf8f7",1.000
1189,1,7,"809,67,14,10","R",-1,"#caf8f7",1.000
1190,1,7,"823,67,15,10","R",-1,"#caf8f7",1.000
1191,1,7,"838,67,15,10","R",-1,"#caf8f7",1.000
1192,1,7,"853,67,15,10","R",-1,"#caf8f7",1.000
1193,1,7,"868,67,15,10","R",-1,"#caf8f7",1.000
1194,1,7,"883,67,15,10","R",-1,"#caf8f7",1.000
1195,1,7,"81,77,14,9","R",-1,"#caf8f7",1.000
1196,1,7,"95,77,14,9","R",-1,"#caf8f7",1.000
1197,1,7,"109,77,14,9","R",-1,"#caf8f7",1.000
1198,1,7,"123,77,14,9","R",-1,"#caf8f7",1.000
1199,1,7,"137,77,14,9","R",-1,"#caf8f7",1.000
1200,1,7,"151,77,14,9","R",-1,"#caf8f7",1.000
1201,1,7,"165,77,14,9","R",-1,"#caf8f7",1.000
1202,1,7,"179,77,14,9","R",-1,"#caf8f7",1.000
1203,1,7,"193,77,14,9","R",-1,"#caf8f7",1.000
1204,1,7,"207,77,14,9","R",-1,"#caf8f7",1.000
1205,1,7,"221,77,14,9","R",-1,"#caf8f7",1.000
1206,1,7,"235,77,14,9","R",-1,"#caf8f7",1.000
1207,1,7,"249,77,14,9","R",-1,"#caf8f7",1.000
1208,1,7,"263,77,14,9","R",-1,"#caf8f7",1.000
1209,1,7,"277,77,14,9","R",-1,"#caf8f7",1.000
1210,1,7,"291,77,14,9","R",-1,"#caf8f7",1.000
1211,1,7,"305,77,14,9","R",-1,"#caf8f7",1.000
1212,1,7,"319,77,14,9","R",-1,"#caf8f7",1.000
1213,1,7,"333,77,14,9","R",-1,"#caf8f7",1.000
1214,1,7,"347,77,14,9","R",-1,"#caf8f7",1.000
1215,1,7,"361,77,14,9","R",-1,"#caf8f7",1.000
1216,1,7,"375,77,14,9","R",-1,"#caf8f7",1.000
1217,1,7,"389,77,14,9","R",-1,"#caf8f7",1.000
1218,1,7,"403,77,14,9","R",-1,"#caf8f7",1.000
1219,1,7,"417,77,14,9","R",-1,"#caf8f7",1.000
1220,1,7,"431,77,14,9","R",-1,"#caf8f7",1.000
1221,1,7,"445,77,14,9","R",-1,"#caf8f7",1.000
1222,1,7,"459,77,14,9","R",-1,"#caf8f7",1.000
1223,1,7,"473,77,14,9","R",-1,"#caf8f7",1.000
1224,1,7,"487,77,14,9","R",-1,"#caf8f7",1.000
1225,1,7,"501,77,14,9","R",-1,"#caf8f7",1.000
1226,1,7,"515,77,14,9","R",-1,"#caf8f7",1.000
1227,1,7,"529,77,14,9","R",-1,"#caf8f7",1.000
1228,1,7,"543,77,14,9","R",-1,"#caf8f7",1.000
1229,1,7,"557,77,14,9","R",-1,"#caf8f7",1.000
1230,1,7,"571,77,14,9","R",-1,"#caf8f7",1.000
1231,1,7,"585,77,14,9","R",-1,"#caf8f7",1.000
1232,1,7,"599,77,14,9","R",-1,"#caf8f7",1.000
1233,1,7,"613,77,14,9","R",-1,"#caf8f7",1.000
1234,1,7,"627,77,14,9","R",-1,"#caf8f7",1.000
1235,1,7,"641,77,14,9","R",-1,"#caf8f7",1.000
1236,1,7,"655,77,14,9","R",-1,"#caf8f7",1.000
1237,1,7,"669,77,14,9","R",-1,"#caf8f7",1.000
1238,1,7,"683,77,14,9","R",-1,"#caf8f7",1.000
1239,1,7,"697,77,14,9","R",-1,"#caf8f7",1.000
1240,1,7,"711,77,14,9","R",-1,"#caf8f7",1.000
1241,1,7,"725,77,14,9","R",-1,"#caf8f7",1.000
1242,1,7,"739,77,14,9","R",-1,"#caf8f7",1.000
1243,1,7,"753,77,14,9","R",-1,"#caf8f7",1.000
1244,1,7,"767,77,14,9","R",-1,"#caf8f7",1.000
1245,1,7,"781,77,14,9","R",-1,"#caf8f7",1.000
1246,1,7,"795,77,14,9","R",-1,"#caf8f7",1.000
1247,1,7,"809,77,14,9","R",-1,"#caf8f7",1.000
1248,1,7,"823,77,15,9","R",-1,"#caf8f7",1.000
1249,1,7,"838,77,15,9","R",-1,"#caf8f7",1.000
1250,1,7,"853,77,15,9","R",-1,"#caf8f7",1.000
1251,1,7,"868,77,15,9","R",-1,"#caf8f7",1.000
1252,1,7,"883,77,15,9","R",-1,"#caf8f7",1.000
1253,1,7,"81,86,14,9","R",-1,"#caf8f7",1.000
1254,1,7,"95,86,14,9","R",-1,"#caf8f7",1.000
1255,1,7,"109,86,14,9","R",-1,"#caf8f7",1.000
1256,1,7,"123,86,14,9","R",-1,"#caf8f7",1.000
1257,1,7,"137,86,14,9","R",-1,"#caf8f7",1.000
1258,1,7,"151,86,14,9","R",-1,"#caf8f7",1.000
1259,1,7,"165,86,14,9","R",-1,"#caf8f7",1.000
1260,1,7,"179,86,14,9","R",-1,"#caf8f7",1.000
1261,1,7,"193,86,14,9","R",-1,"#caf8f7",1.000
1262,1,7,"207,86,14,9","R",-1,"#caf8f7",1.000
1263,1,7,"221,86,14,9","R",-1,"#caf8f7",1.000
1264,1,7,"235,86,14,9","R",-1,"#caf8f7",1.000
1265,1,7,"249,86,14,9","R",-1,"#caf8f7",1.000
1266,1,7,"263,86,14,9","R",-1,"#caf8f7",1.000
1267,1,7,"277,86,14,9","R",-1,"#caf8f7",1.000
1268,1,7,"291,86,14,9","R",-1,"#caf8f7",1.000
1269,1,7,"305,86,14,9","R",-1,"#caf8f7",1.000
1270,1,7,"319,86,14,9","R",-1,"#caf8f7",1.000
1271,1,7,"333,86,14,9","R",-1,"#caf8f7",1.000
1272,1,7,"347,86,14,9","R",-1,"#caf8f7",1.000
1273,1,7,"361,86,14,9","R",-1,"#caf8f7",1.000
1274,1,7,"375,86,14,9","R",-1,"#caf8f7",1.000
1275,1,7,"389,86,14,9","R",-1,"#caf8f7",1.000
1276,1,7,"403,86,14,9","R",-1,"#caf8f7",1.000
1277,1,7,"417,86,14,9","R",-1,"#caf8f7",1.000
1278,1,7,"431,86,14,9","R",-1,"#caf8f7",1.000
1279,1,7,"445,86,14,9","R",-1,"#caf8f7",1.000
1280,1,7,"459,86,14,9","R",-1,"#caf8f7",1.000
1281,1,7,"473,86,14,9","R",-1,"#caf8f7",1.000
1282,1,7,"487,86,14,9","R",-1,"#caf8f7",1.000
1283,1,7,"501,86,14,9","R",-1,"#caf8f7",1.000
1284,1,7,"515,86,14,9","R",-1,"#caf8f7",1.000
1285,1,7,"529,86,14,9","R",-1,"#caf8f7",1.000
1286,1,7,"543,86,14,9","R",-1,"#caf8f7",1.000
1287,1,7,"557,86,14,9","R",-1,"#caf8f7",1.000
1288,1,7,"571,86,14,9","R",-1,"#caf8f7",1.000
1289,1,7,"585,86,14,9","R",-1,"#caf8f7",1.000
1290,1,7,"599,86,14,9","R",-1,"#caf8f7",1.000
1291,1,7,"613,86,14,9","R",-1,"#caf8f7",1.000
1292,1,7,"627,86,14,9","R",-1,"#caf8f7",1.000
1293,1,7,"641,86,14,9","R",-1,"#caf8f7",1.000
1294,1,7,"655,86,14,9","R",-1,"#caf8f7",1.000
1295,1,7,"669,86,14,9","R",-1,"#caf8f7",1.000
1296,1,7,"683,86,14,9","R",-1,"#caf8f7",1.000
1297,1,7,"697,86,14,9","R",-1,"#caf8f7",1.000
1298,1,7,"711,86,14,9","R",-1,"#caf8f7",1.000
1299,1,7,"725,86,14,9","R",-1,"#caf8f7",1.000
1300,1,7,"739,86,14,9","R",-1,"#caf8f7",1.000
1301,1,7,"753,86,14,9","R",-1,"#caf8f7",1.000
1302,1,7,"767,86,14,9","R",-1,"#caf8f7",1.000
1303,1,7,"781,86,14,9","R",-1,"#caf8f7",1.000
1304,1,7,"795,86,14,9","R",-1,"#caf8f7",1.000
1305,1,7,"809,86,14,9","R",-1,"#caf8f7",1.000
1306,1,7,"823,86,15,9","R",-1,"#caf8f7",1.000
1307,1,7,"838,86,15,9","R",-1,"#caf8f7",1.000
1308,1,7,"853,86,15,9","R",-1,"#caf8f7",1.000
1309,1,7,"868,86,15,9","R",-1,"#caf8f7",1.000
1310,1,7,"883,86,15,9","R",-1,"#caf8f7",1.000
1311,1,7,"81,95,14,9","R",-1,"#caf8f7",1.000
1312,1,7,"95,95,14,9","R",-1,"#caf8f7",1.000
1313,1,7,"109,95,14,9","R",-1,"#caf8f7",1.000
1314,1,7,"123,95,14,9","R",-1,"#caf8f7",1.000
1315,1,7,"137,95,14,9","R",-1,"#caf8f7",1.000
1316,1,7,"151,95,14,9","R",-1,"#caf8f7",1.000
1317,1,7,"165,95,14,9","R",-1,"#caf8f7",1.000
1318,1,7,"179,95,14,9","R",-1,"#caf8f7",1.000
1319,1,7,"193,95,14,9","R",-1,"#caf8f7",1.000
1320,1,7,"207,95,14,9","R",-1,"#caf8f7",1.000
1321,1,7,"221,95,14,9","R",-1,"#caf8f7",1.000
1322,1,7,"235,95,14,9","R",-1,"#caf8f7",1.000
1323,1,7,"249,95,14,9","R",-1,"#caf8f7",1.000
1324,1,7,"263,95,14,9","R",-1,"#caf8f7",1.000
1325,1,7,"277,95,14,9","R",-1,"#caf8f7",1.000
1326,1,7,"291,95,14,9","R",-1,"#caf8f7",1.000
1327,1,7,"305,95,14,9","R",-1,"#caf8f7",1.000
1328,1,7,"319,95,14,9","R",-1,"#caf8f7",1.000
1329,1,7,"333,95,14,9","R",-1,"#caf8f7",1.000
1330,1,7,"347,95,14,9","R",-1,"#caf8f7",1.000
1331,1,7,"361,95,14,9","R",-1,"#caf8f7",1.000
1332,1,7,"375,95,14,9","R",-1,"#caf8f7",1.000
1333,1,7,"389,95,14,9","R",-1,"#caf8f7",1.000
1334,1,7,"403,95,14,9","R",-1,"#caf8f7",1.000
1335,1,7,"417,95,14,9","R",-1,"#caf8f7",1.000
1336,1,7,"431,95,14,9","R",-1,"#caf8f7",1.000
1337,1,7,"445,95,14,9","R",-1,"#caf8f7",1.000
1338,1,7,"459,95,14,9","R",-1,"#caf8f7",1.000
1339,1,7,"473,95,14,9","R",-1,"#caf8f7",1.000
1340,1,7,"487,95,14,9","R",-1,"#caf8f7",1.000
1341,1,7,"501,95,14,9","R",-1,"#caf8f7",1.000
1342,1,7,"515,95,14,9","R",-1,"#caf8f7",1.000
1343,1,7,"529,95,14,9","R",-1,"#caf8f7",1.000
1344,1,7,"543,95,14,9","R",-1,"#caf8f7",1.000
1345,1,7,"557,95,14,9","R",-1,"#caf8f7",1.000
1346,1,7,"571,95,14,9","R",-1,"#caf8f7",1.000
1347,1,7,"585,95,14,9","R",-1,"#caf8f7",1.000
1348,1,7,"599,95,14,9","R",-1,"#caf8f7",1.000
1349,1,7,"613,95,14,9","R",-1,"#caf8f7",1.000
1350,1,7,"627,95,14,9","R",-1,"#caf8f7",1.000
1351,1,7,"641,95,14,9","R",-1,"#caf8f7",1.000
1352,1,7,"655,95,14,9","R",-1,"#caf8f7",1.000
1353,1,7,"669,95,14,9","R",-1,"#caf8f7",1.000
1354,1,7,"683,95,14,9","R",-1,"#caf8f7",1.000
1355,1,7,"697,95,14,9","R",-1,"#caf8f7",1.000
1356,1,7,"711,95,14,9","R",-1,"#caf8f7",1.000
1357,1,7,"725,95,14,9","R",-1,"#caf8f7",1.000
1358,1,7,"739,95,14,9","R",-1,"#caf8f7",1.000
1359,1,7,"753,95,14,9","R",-1,"#caf8f7",1.000
1360,1,7,"767,95,14,9","R",-1,"#caf8f7",1.000
1361,1,7,"781,95,14,9","R",-1,"#caf8f7",1.000
1362,1,7,"795,95,14,9","R",-1,"#caf8f7",1.000
1363,1,7,"809,95,14,9","R",-1,"#caf8f7",1.000
1364,1,7,"823,95,15,9","R",-1,"#caf8f7",1.000
1365,1,7,"838,95,15,9","R",-1,"#caf8f7",1.000
1366,1,7,"853,95,15,9","R",-1,"#caf8f7",1.000
1367,1,7,"868,95,15,9","R",-1,"#caf8f7",1.000
1368,1,7,"883,95,15,9","R",-1,"#caf8f7",1.000
1369,1,7,"81,104,14,10","R",-1,"#caf8f7",1.000
1370,1,7,"95,104,14,10","R",-1,"#caf8f7",1.000
1371,1,7,"109,104,14,10","R",-1,"#caf8f7",1.000
1372,1,7,"123,104,14,10","R",-1,"#caf8f7",1.000
1373,1,7,"137,104,14,10","R",-1,"#caf8f7",1.000
1374,1,7,"151,104,14,10","R",-1,"#caf8f7",1.000
1375,1,7,"165,104,14,10","R",-1,"#caf8f7",1.000
1376,1,7,"179,104,14,10","R",-1,"#caf8f7",1.000
1377,1,7,"193,104,14,10","R",-1,"#caf8f7",1.000
1378,1,7,"207,104,14,10","R",-1,"#caf8f7",1.000
1379,1,7,"221,104,14,10","R",-1,"#caf8f7",1.000
1380,1,7,"235,104,14,10","R",-1,"#caf8f7",1.000
1381,1,7,"249,104,14,10","R",-1,"#caf8f7",1.000
1382,1,7,"263,104,14,10","R",-1,"#caf8f7",1.000
1383,1,7,"277,104,14,10","R",-1,"#caf8f7",1.000
1384,1,7,"291,104,14,10","R",-1,"#caf8f7",1.000
1385,1,7,"305,104,14,10","R",-1,"#caf8f7",1.000
1386,1,7,"319,104,14,10","R",-1,"#caf8f7",1.000
1387,1,7,"333,104,14,10","R",-1,"#caf8f7",1.000
1388,1,7,"347,104,14,10","R",-1,"#caf8f7",1.000
1389,1,7,"361,104,14,10","R",-1,"#caf8f7",1.000
1390,1,7,"375,104,14,10","R",-1,"#caf8f7",1.000
1391,1,7,"389,104,14,10","R",-1,"#caf8f7",1.000
1392,1,7,"403,104,14,10","R",-1,"#caf8f7",1.000
1393,1,7,"417,104,14,10","R",-1,"#caf8f7",1.000
1394,1,7,"431,104,14,10","R",-1,"#caf8f7",1.000
1395,1,7,"445,104,14,10","R",-1,"#caf8f7",1.000
1396,1,7,"459,104,14,10","R",-1,"#caf8f7",1.000
1397,1,7,"473,104,14,10","R",-1,"#caf8f7",1.000
1398,1,7,"487,104,14,10","R",-1,"#caf8f7",1.000
1399,1,7,"501,104,14,10","R",-1,"#caf8f7",1.000
1400,1,7,"515,104,14,10","R",-1,"#caf8f7",1.000
1401,1,7,"529,104,14,10","R",-1,"#caf8f7",1.000
1402,1,7,"543,104,14,10","R",-1,"#caf8f7",1.000
1403,1,7,"557,104,14,10","R",-1,"#caf8f7",1.000
1404,1,7,"571,104,14,10","R",-1,"#caf8f7",1.000
1405,1,7,"585,104,14,10","R",-1,"#caf8f7",1.000
1406,1,7,"599,104,14,10","R",-1,"#caf8f7",1.000
1407,1,7,"613,104,14,10","R",-1,"#caf8f7",1.000
1408,1,7,"627,104,14,10","R",-1,"#caf8f7",1.000
1409,1,7,"641,104,14,10","R",-1,"#caf8f7",1.000
1410,1,7,"655,104,14,10","R",-1,"#caf8f7",1.000
1411,1,7,"669,104,14,10","R",-1,"#caf8f7",1.000
1412,1,7,"683,104,14,10","R",-1,"#caf8f7",1.000
1413,1,7,"697,104,14,10","R",-1,"#caf8f7",1.000
1414,1,7,"711,104,14,10","R",-1,"#caf8f7",1.000
1415,1,7,"725,104,14,10","R",-1,"#caf8f7",1.000
1416,1,7,"739,104,14,10","R",-1,"#caf8f7",1.000
1417,1,7,"753,104,14,10","R",-1,"#caf8f7",1.000
1418,1,7,"767,104,14,10","R",-1,"#caf8f7",1.000
1419,1,7,"781,104,14,10","R",-1,"#caf8f7",1.000
1420,1,7,"795,104,14,10","R",-1,"#caf8f7",1.000
1421,1,7,"809,104,14,10","R",-1,"#caf8f7",1.000
1422,1,7,"823,104,15,10","R",-1,"#caf8f7",1.000
1423,1,7,"838,104,15,10","R",-1,"#caf8f7",1.000
1424,1,7,"853,104,15,10","R",-1,"#caf8f7",1.000
1425,1,7,"868,104,15,10","R",-1,"#caf8f7",1.000
1426,1,7,"883,104,15,10","R",-1,"#caf8f7",1.000
1427,2,12,"17,130,4,23","R",0,"#ff0e6e",1.000
1428,2,12,"54,130,4,23","R",0,"#ff0e6e",1.000
1429,2,12,"65,130,4,23","R",0,"#ff0e6e",1.000
1430,2,12,"113,130,4,23","R",0,"#ff0e6e",1.000
1431,2,12,"144,130,4,23","R",0,"#ff0e6e",1.000
1432,2,12,"151,130,4,23","R",0,"#ff0e6e",1.000
1433,2,12,"184,130,4,23","R",0,"#ff0e6e",1.000
1434,2,12,"191,130,4,23","R",0,"#ff0e6e",1.000
1435,2,12,"226,130,4,23","R",0,"#ff0e6e",1.000
1436,2,12,"233,130,4,23","R",0,"#ff0e6e",1.000
1437,2,12,"266,130,4,23","R",0,"#ff0e6e",1.000
1438,2,12,"273,130,4,23","R",0,"#ff0e6e",1.000
1439,2,12,"307,130,4,23","R",0,"#ff0e6e",1.000
1440,2,12,"314,130,4,23","R",0,"#ff0e6e",1.000
1441,2,12,"348,130,4,23","R",0,"#ff0e6e",1.000
1442,2,12,"355,130,4,23","R",0,"#ff0e6e",1.000
1443,2,12,"387,130,4,23","R",0,"#ff0e6e",1.000
1444,2,12,"394,130,4,23","R",0,"#ff0e6e",1.000
1445,2,12,"424,130,4,23","R",0,"#ff0e6e",1.000
1446,2,12,"470,130,4,23","R",0,"#ff0e6e",1.000
1447,2,12,"502,130,4,23","R",0,"#ff0e6e",1.000
1448,2,12,"509,130,4,23","R",0,"#ff0e6e",1.000
1449,2,12,"543,130,4,23","R",0,"#ff0e6e",1.000
1450,2,12,"550,130,4,23","R",0,"#ff0e6e",1.000
1451,2,12,"584,130,4,23","R",0,"#ff0e6e",1.000
1452,2,12,"591,130,4,23","R",0,"#ff0e6e",1.000
1453,2,12,"623,130,4,23","R",0,"#ff0e6e",1.000
1454,2,12,"630,130,4,23","R",0,"#ff0e6e",1.000
1455,2,12,"666,130,4,23","R",0,"#ff0e6e",1.000
1456,2,12,"673,130,4,23","R",0,"#ff0e6e",1.000
1457,2,12,"705,130,4,23","R",0,"#ff0e6e",1.000
1458,2,12,"712,130,4,23","R",0,"#ff0e6e",1.000
1459,2,12,"747,130,4,23","R",0,"#ff0e6e",1.000
1460,2,12,"754,130,4,23","R",0,"#ff0e6e",1.000
1461,2,12,"788,130,4,23","R",0,"#ff0e6e",1.000
1462,2,12,"795,130,4,23","R",0,"#ff0e6e",1.000
1463,2,12,"829,130,4,23","R",0,"#ff0e6e",1.000
1464,2,12,"836,130,4,23","R",0,"#ff0e6e",1.000
1465,2,12,"864,130,4,23","R",0,"#ff0e6e",1.000
1466,2,12,"910,130,4,23","R",0,"#ff0e6e",1.000
1467,2,12,"925,130,4,23","R",0,"#ff0e6e",1.000
1468,2,12,"956,130,4,23","R",0,"#ff0e6e",1.000
1469,3,12,"17,130,4,23","R",0,"#ff0e6e",1.000
1470,3,12,"54,130,4,23","R",0,"#ff0e6e",1.000
1471,3,12,"65,130,4,23","R",0,"#ff0e6e",1.000
1472,3,12,"113,130,4,23","R",0,"#ff0e6e",1.000
1473,3,12,"144,130,4,23","R",0,"#ff0e6e",1.000
1474,3,12,"151,130,4,23","R",0,"#ff0e6e",1.000
1475,3,12,"184,130,4,23","R",0,"#ff0e6e",1.000
1476,3,12,"191,130,4,23","R",0,"#ff0e6e",1.000
1477,3,12,"226,130,4,23","R",0,"#ff0e6e",1.000
1478,3,12,"233,130,4,23","R",0,"#ff0e6e",1.000
1479,3,12,"266,130,4,23","R",0,"#ff0e6e",1.000
1480,3,12,"273,130,4,23","R",0,"#ff0e6e",1.000
1481,3,12,"307,130,4,23","R",0,"#ff0e6e",1.000
1482,3,12,"314,130,4,23","R",0,"#ff0e6e",1.000
1483,3,12,"348,130,4,23","R",0,"#ff0e6e",1.000
1484,3,12,"355,130,4,23","R",0,"#ff0e6e",1.000
1485,3,12,"387,130,4,23","R",0,"#ff0e6e",1.000
1486,3,12,"394,130,4,23","R",0,"#ff0e6e",1.000
1487,3,12,"424,130,4,23","R",0,"#ff0e6e",1.000
1488,3,12,"470,130,4,23","R",0,"#ff0e6e",1.000
1489,3,12,"502,130,4,23","R",0,"#ff0e6e",1.000
1490,3,12,"509,130,4,23","R",0,"#ff0e6e",1.000
1491,3,12,"543,130,4,23","R",0,"#ff0e6e",1.000
1492,3,12,"550,130,4,23","R",0,"#ff0e6e",1.000
1493,3,12,"584,130,4,23","R",0,"#ff0e6e",1.000
1494,3,12,"591,130,4,23","R",0,"#ff0e6e",1.000
1495,3,12,"623,130,4,23","R",0,"#ff0e6e",1.000
1496,3,12,"630,130,4,23","R",0,"#ff0e6e",1.000
1497,3,12,"666,130,4,23","R",0,"#ff0e6e",1.000
1498,3,12,"673,130,4,23","R",0,"#ff0e6e",1.000
1499,3,12,"705,130,4,23","R",0,"#ff0e6e",1.000
1500,3,12,"712,130,4,23","R",0,"#ff0e6e",1.000
1501,3,12,"747,130,4,23","R",0,"#ff0e6e",1.000
1502,3,12,"754,130,4,23","R",0,"#ff0e6e",1.000
1503,3,12,"788,130,4,23","R",0,"#ff0e6e",1.000
1504,3,12,"795,130,4,23","R",0,"#ff0e6e",1.000
1505,3,12,"829,130,4,23","R",0,"#ff0e6e",1.000
1506,3,12,"836,130,4,23","R",0,"#ff0e6e",1.000
1507,3,12,"864,130,4,23","R",0,"#ff0e6e",1.000
1508,3,12,"910,130,4,23","R",0,"#ff0e6e",1.000
1509,3,12,"925,130,4,23","R",0,"#ff0e6e",1.000
1510,3,12,"956,130,4,23","R",0,"#ff0e6e",1.000
5992,1,16,"116,17,22,97","R",0,"#f10a77",1.000
5993,1,16,"841,17,22,97","R",0,"#f10a77",1.000
8716,1,7,"57,17,12,10","R",-1,"#caf8f7",0.500
8717,1,7,"57,27,12,10","R",-1,"#caf8f7",0.500
8718,1,7,"57,37,12,10","R",-1,"#caf8f7",0.500
8719,1,7,"57,47,12,10","R",-1,"#caf8f7",1.000
8720,1,7,"57,57,12,10","R",-1,"#caf8f7",1.000
8721,1,7,"57,67,12,10","R",-1,"#caf8f7",1.000
8722,1,7,"57,77,12,9","R",-1,"#caf8f7",1.000
8723,1,7,"57,86,12,9","R",-1,"#caf8f7",1.000
8724,1,7,"57,95,12,9","R",-1,"#caf8f7",1.000
8725,1,7,"57,104,12,9","R",-1,"#caf8f7",1.000
8726,1,7,"69,17,12,10","R",-1,"#caf8f7",0.500
8727,1,7,"69,27,12,10","R",-1,"#caf8f7",0.500
8728,1,7,"69,37,12,10","R",-1,"#caf8f7",0.500
8729,1,7,"69,47,12,10","R",-1,"#caf8f7",1.000
8730,1,7,"69,57,12,10","R",-1,"#caf8f7",1.000
8731,1,7,"69,67,12,10","R",-1,"#caf8f7",1.000
8732,1,7,"69,77,12,9","R",-1,"#caf8f7",1.000
8733,1,7,"69,86,12,9","R",-1,"#caf8f7",1.000
8734,1,7,"69,95,12,9","R",-1,"#caf8f7",1.000
8735,1,7,"69,104,12,9","R",-1,"#caf8f7",1.000
8736,1,7,"898,17,12,10","R",-1,"#caf8f7",0.500
8737,1,7,"898,27,12,10","R",-1,"#caf8f7",0.500
8738,1,7,"898,37,12,10","R",-1,"#caf8f7",0.500
8739,1,7,"898,47,12,10","R",-1,"#caf8f7",1.000
8740,1,7,"898,57,12,10","R",-1,"#caf8f7",1.000
8741,1,7,"898,67,12,10","R",-1,"#caf8f7",1.000
8742,1,7,"898,77,12,9","R",-1,"#caf8f7",1.000
8743,1,7,"898,86,12,9","R",-1,"#caf8f7",1.000
8744,1,7,"898,95,12,9","R",-1,"#caf8f7",1.000
8745,1,7,"898,104,12,9","R",-1,"#caf8f7",1.000
8746,1,7,"910,17,12,10","R",-1,"#caf8f7",0.500
8747,1,7,"910,27,12,10","R",-1,"#caf8f7",0.500
8748,1,7,"910,37,12,10","R",-1,"#caf8f7",0.500
8749,1,7,"910,47,12,10","R",-1,"#caf8f7",1.000
8750,1,7,"910,57,12,10","R",-1,"#caf8f7",1.000
8751,1,7,"910,67,12,10","R",-1,"#caf8f7",1.000
8752,1,7,"910,77,12,9","R",-1,"#caf8f7",1.000
8753,1,7,"910,86,12,9","R",-1,"#caf8f7",1.000
8754,1,7,"910,95,12,9","R",-1,"#caf8f7",1.000
8755,1,7,"910,104,12,9","R",-1,"#caf8f7",1.000
34237,1,36,"124,57,5,9","R",1,"#140f9c",1.000
34238,1,36,"849,57,5,9","R",1,"#140f9c",1.000
40984,1,9,"43,21,10,6","R",-1,"#0e53f0",0.000
40985,1,9,"43,103,10,6","R",-1,"#0e53f0",0.000
40986,1,9,"941,21,22,6","R",-1,"#0e53f0",1.000
40987,1,9,"941,103,22,6","R",-1,"#0e53f0",1.000
43746,1,32,"98,17,4,97","R",0,"#149e0a",1.000
43747,1,32,"884,17,4,97","R",0,"#149e0a",1.000
43748,1,32,"516,17,4,97","R",0,"#149e0a",1.000
43749,1,32,"552,17,4,97","R",0,"#149e0a",1.000
43750,1,32,"591,17,4,97","R",0,"#149e0a",1.000
43751,1,32,"635,17,4,97","R",0,"#149e0a",1.000
43752,1,32,"696,17,4,97","R",0,"#149e0a",1.000
43753,1,32,"762,17,4,97","R",0,"#149e0a",1.000
43754,1,32,"810,17,4,97","R",0,"#149e0a",1.000
43755,1,32,"186,17,4,97","R",0,"#149e0a",1.000
43756,1,32,"261,17,4,97","R",0,"#149e0a",1.000
43757,1,32,"305,17,4,97","R",0,"#149e0a",1.000
43758,1,32,"366,17,4,97","R",0,"#149e0a",1.000
44814,2,12,"17,132,4,21","R",1,"#ff0e6e",1.000
44815,2,12,"54,132,4,21","R",1,"#ff0e6e",1.000
44816,2,12,"65,132,4,21","R",1,"#ff0e6e",1.000
44817,2,12,"113,132,4,21","R",1,"#ff0e6e",1.000
44818,2,12,"144,132,4,21","R",1,"#ff0e6e",1.000
44819,2,12,"151,132,4,21","R",1,"#ff0e6e",1.000
44820,2,12,"184,132,4,21","R",1,"#ff0e6e",1.000
44821,2,12,"191,132,4,21","R",1,"#ff0e6e",1.000
44822,2,12,"226,132,4,21","R",1,"#ff0e6e",1.000
44823,2,12,"233,132,4,21","R",1,"#ff0e6e",1.000
44824,2,12,"266,132,4,21","R",1,"#ff0e6e",1.000
44825,2,12,"273,132,4,21","R",1,"#ff0e6e",1.000
44826,2,12,"307,132,4,21","R",1,"#ff0e6e",1.000
44827,2,12,"314,132,4,21","R",1,"#ff0e6e",1.000
44828,2,12,"348,132,4,21","R",1,"#ff0e6e",1.000
44829,2,12,"355,132,4,21","R",1,"#ff0e6e",1.000
44830,2,12,"387,132,4,21","R",1,"#ff0e6e",1.000
44831,2,12,"394,132,4,21","R",1,"#ff0e6e",1.000
44832,2,12,"424,132,4,21","R",1,"#ff0e6e",1.000
44833,2,12,"470,132,4,21","R",1,"#ff0e6e",1.000
44834,2,12,"502,132,4,21","R",1,"#ff0e6e",1.000
44835,2,12,"509,132,4,21","R",1,"#ff0e6e",1.000
44836,2,12,"543,132,4,21","R",1,"#ff0e6e",1.000
44837,2,12,"550,132,4,21","R",1,"#ff0e6e",1.000
44838,2,12,"584,132,4,21","R",1,"#ff0e6e",1.000
44839,2,12,"591,132,4,21","R",1,"#ff0e6e",1.000
44840,2,12,"623,132,4,21","R",1,"#ff0e6e",1.000
44841,2,12,"630,132,4,21","R",1,"#ff0e6e",1.000
44842,2,12,"666,132,4,21","R",1,"#ff0e6e",1.000
44843,2,12,"673,132,4,21","R",1,"#ff0e6e",1.000
44844,2,12,"705,132,4,21","R",1,"#ff0e6e",1.000
44845,2,12,"712,132,4,21","R",1,"#ff0e6e",1.000
44846,2,12,"747,132,4,21","R",1,"#ff0e6e",1.000
44847,2,12,"754,132,4,21","R",1,"#ff0e6e",1.000
44848,2,12,"788,132,4,21","R",1,"#ff0e6e",1.000
44849,2,12,"795,132,4,21","R",1,"#ff0e6e",1.000
44850,2,12,"829,132,4,21","R",1,"#ff0e6e",1.000
44851,2,12,"836,132,4,21","R",1,"#ff0e6e",1.000
44852,2,12,"864,132,4,21","R",1,"#ff0e6e",1.000
44853,2,12,"910,132,4,21","R",1,"#ff0e6e",1.000
44854,2,12,"925,132,4,21","R",1,"#ff0e6e",1.000
44855,2,12,"956,132,4,21","R",1,"#ff0e6e",1.000
44856,3,12,"17,132,4,21","R",1,"#ff0e6e",1.000
44857,3,12,"54,132,4,21","R",1,"#ff0e6e",1.000
44858,3,12,"65,132,4,21","R",1,"#ff0e6e",1.000
44859,3,12,"113,132,4,21","R",1,"#ff0e6e",1.000
44860,3,12,"144,132,4,21","R",1,"#ff0e6e",1.000
44861,3,12,"151,132,4,21","R",1,"#ff0e6e",1.000
44862,3,12,"184,132,4,21","R",1,"#ff0e6e",1.000
44863,3,12,"191,132,4,21","R",1,"#ff0e6e",1.000
44864,3,12,"226,132,4,21","R",1,"#ff0e6e",1.000
44865,3,12,"233,132,4,21","R",1,"#ff0e6e",1.000
44866,3,12,"266,132,4,21","R",1,"#ff0e6e",1.000
44867,3,12,"273,132,4,21","R",1,"#ff0e6e",1.000
44868,3,12,"307,132,4,21","R",1,"#ff0e6e",1.000
44869,3,12,"314,132,4,21","R",1,"#ff0e6e",1.000
44870,3,12,"348,132,4,21","R",1,"#ff0e6e",1.000
44871,3,12,"355,132,4,21","R",1,"#ff0e6e",1.000
44872,3,12,"387,132,4,21","R",1,"#ff0e6e",1.000
44873,3,12,"394,132,4,21","R",1,"#ff0e6e",1.000
44874,3,12,"424,132,4,21","R",1,"#ff0e6e",1.000
44875,3,12,"470,132,4,21","R",1,"#ff0e6e",1.000
44876,3,12,"502,132,4,21","R",1,"#ff0e6e",1.000
44877,3,12,"509,132,4,21","R",1,"#ff0e6e",1.000
44878,3,12,"543,132,4,21","R",1,"#ff0e6e",1.000
44879,3,12,"550,132,4,21","R",1,"#ff0e6e",1.000
44880,3,12,"584,132,4,21","R",1,"#ff0e6e",1.000
44881,3,12,"591,132,4,21","R",1,"#ff0e6e",1.000
44882,3,12,"623,132,4,21","R",1,"#ff0e6e",1.000
44883,3,12,"630,132,4,21","R",1,"#ff0e6e",1.000
44884,3,12,"666,132,4,21","R",1,"#ff0e6e",1.000
44885,3,12,"673,132,4,21","R",1,"#ff0e6e",1.000
44886,3,12,"705,132,4,21","R",1,"#ff0e6e",1.000
44887,3,12,"712,132,4,21","R",1,"#ff0e6e",1.000
44888,3,12,"747,132,4,21","R",1,"#ff0e6e",1.000
44889,3,12,"754,132,4,21","R",1,"#ff0e6e",1.000
44890,3,12,"788,132,4,21","R",1,"#ff0e6e",1.000
44891,3,12,"795,132,4,21","R",1,"#ff0e6e",1.000
44892,3,12,"829,132,4,21","R",1,"#ff0e6e",1.000
44893,3,12,"836,132,4,21","R",1,"#ff0e6e",1.000
44894,3,12,"864,132,4,21","R",1,"#ff0e6e",1.000
44895,3,12,"910,132,4,21","R",1,"#ff0e6e",1.000
44896,3,12,"925,132,4,21","R",1,"#ff0e6e",1.000
44897,3,12,"956,132,4,21","R",1,"#ff0e6e",1.000
47692,2,59,"0,104,71,3","R",1,"#FB0B2B",1.000
47693,2,59,"111,104,317,3","R",1,"#FB0B2B",1.000
47694,2,59,"468,104,400,3","R",1,"#FB0B2B",1.000
47695,2,59,"909,104,71,3","R",1,"#FB0B2B",1.000
47696,3,59,"0,104,71,3","R",1,"#FB0B2B",1.000
47697,3,59,"111,104,317,3","R",1,"#FB0B2B",1.000
47698,3,59,"468,104,400,3","R",1,"#FB0B2B",1.000
47699,3,59,"909,104,71,3","R",1,"#FB0B2B",1.000
47764,2,60,"0,108,14,13","R",-1,"#AC50C0",1.000
47765,2,60,"14,108,14,13","R",-1,"#AC50C0",1.000
47766,2,60,"28,108,14,13","R",-1,"#AC50C0",1.000
47767,2,60,"42,108,14,13","R",-1,"#AC50C0",1.000
47768,2,60,"56,108,14,13","R",-1,"#AC50C0",1.000
47769,2,60,"112,108,14,13","R",-1,"#AC50C0",1.000
47770,2,60,"126,108,14,13","R",-1,"#AC50C0",1.000
47771,2,60,"140,108,14,13","R",-1,"#AC50C0",1.000
47772,2,60,"154,108,14,13","R",-1,"#AC50C0",1.000
47773,2,60,"168,108,14,13","R",-1,"#AC50C0",1.000
47774,2,60,"182,108,14,13","R",-1,"#AC50C0",1.000
47775,2,60,"196,108,14,13","R",-1,"#AC50C0",1.000
47776,2,60,"210,108,14,13","R",-1,"#AC50C0",1.000
47777,2,60,"224,108,14,13","R",-1,"#AC50C0",1.000
47778,2,60,"238,108,14,13","R",-1,"#AC50C0",1.000
47779,2,60,"252,108,14,13","R",-1,"#AC50C0",1.000
47780,2,60,"266,108,14,13","R",-1,"#AC50C0",1.000
47781,2,60,"280,108,14,13","R",-1,"#AC50C0",1.000
47782,2,60,"294,108,14,13","R",-1,"#AC50C0",1.000
47783,2,60,"308,108,14,13","R",-1,"#AC50C0",1.000
47784,2,60,"322,108,14,13","R",-1,"#AC50C0",1.000
47785,2,60,"336,108,14,13","R",-1,"#AC50C0",1.000
47786,2,60,"350,108,14,13","R",-1,"#AC50C0",1.000
47787,2,60,"364,108,13,13","R",-1,"#AC50C0",1.000
47788,2,60,"377,108,13,13","R",-1,"#AC50C0",1.000
47789,2,60,"390,108,13,13","R",-1,"#AC50C0",1.000
47790,2,60,"403,108,13,13","R",-1,"#AC50C0",1.000
47791,2,60,"416,108,14,13","R",-1,"#AC50C0",1.000
47792,2,60,"910,108,14,13","R",-1,"#AC50C0",1.000
47793,2,60,"924,108,14,13","R",-1,"#AC50C0",1.000
47794,2,60,"938,108,14,13","R",-1,"#AC50C0",1.000
47795,2,60,"952,108,14,13","R",-1,"#AC50C0",1.000
47796,2,60,"966,108,14,13","R",-1,"#AC50C0",1.000
47797,2,60,"469,108,15,13","R",-1,"#AC50C0",1.000
47798,2,60,"484,108,15,13","R",-1,"#AC50C0",1.000
47799,2,60,"499,108,15,13","R",-1,"#AC50C0",1.000
47800,2,60,"514,108,15,13","R",-1,"#AC50C0",1.000
47801,2,60,"529,108,15,13","R",-1,"#AC50C0",1.000
47802,2,60,"544,108,15,13","R",-1,"#AC50C0",1.000
47803,2,60,"559,108,15,13","R",-1,"#AC50C0",1.000
47804,2,60,"574,108,15,13","R",-1,"#AC50C0",1.000
47805,2,60,"589,108,15,13","R",-1,"#AC50C0",1.000
47806,2,60,"604,108,15,13","R",-1,"#AC50C0",1.000
47807,2,60,"619,108,15,13","R",-1,"#AC50C0",1.000
47808,2,60,"634,108,15,13","R",-1,"#AC50C0",1.000
47809,2,60,"649,108,15,13","R",-1,"#AC50C0",1.000
47810,2,60,"664,108,15,13","R",-1,"#AC50C0",1.000
47811,2,60,"679,108,15,13","R",-1,"#AC50C0",1.000
47812,2,60,"694,108,15,13","R",-1,"#AC50C0",1.000
47813,2,60,"709,108,15,13","R",-1,"#AC50C0",1.000
47814,2,60,"724,108,15,13","R",-1,"#AC50C0",1.000
47815,2,60,"738,108,15,13","R",-1,"#AC50C0",1.000
47816,2,60,"752,108,15,13","R",-1,"#AC50C0",1.000
47817,2,60,"766,108,15,13","R",-1,"#AC50C0",1.000
47818,2,60,"780,108,15,13","R",-1,"#AC50C0",1.000
47819,2,60,"794,108,15,13","R",-1,"#AC50C0",1.000
47820,2,60,"808,108,15,13","R",-1,"#AC50C0",1.000
47821,2,60,"822,108,15,13","R",-1,"#AC50C0",1.000
47822,2,60,"836,108,15,13","R",-1,"#AC50C0",1.000
47823,2,60,"850,108,15,13","R",-1,"#AC50C0",1.000
47824,3,60,"0,108,14,13","R",-1,"#AC50C0",1.000
47825,3,60,"14,108,14,13","R",-1,"#AC50C0",1.000
47826,3,60,"28,108,14,13","R",-1,"#AC50C0",1.000
47827,3,60,"42,108,14,13","R",-1,"#AC50C0",1.000
47828,3,60,"56,108,14,13","R",-1,"#AC50C0",1.000
47829,3,60,"112,108,14,13","R",-1,"#AC50C0",1.000
47830,3,60,"126,108,14,13","R",-1,"#AC50C0",1.000
47831,3,60,"140,108,14,13","R",-1,"#AC50C0",1.000
47832,3,60,"154,108,14,13","R",-1,"#AC50C0",1.000
47833,3,60,"168,108,14,13","R",-1,"#AC50C0",1.000
47834,3,60,"182,108,14,13","R",-1,"#AC50C0",1.000
47835,3,60,"196,108,14,13","R",-1,"#AC50C0",1.000
47836,3,60,"210,108,14,13","R",-1,"#AC50C0",1.000
47837,3,60,"224,108,14,13","R",-1,"#AC50C0",1.000
47838,3,60,"238,108,14,13","R",-1,"#AC50C0",1.000
47839,3,60,"252,108,14,13","R",-1,"#AC50C0",1.000
47840,3,60,"266,108,14,13","R",-1,"#AC50C0",1.000
47841,3,60,"280,108,14,13","R",-1,"#AC50C0",1.000
47842,3,60,"294,108,14,13","R",-1,"#AC50C0",1.000
47843,3,60,"308,108,14,13","R",-1,"#AC50C0",1.000
47844,3,60,"322,108,14,13","R",-1,"#AC50C0",1.000
47845,3,60,"336,108,14,13","R",-1,"#AC50C0",1.000
47846,3,60,"350,108,14,13","R",-1,"#AC50C0",1.000
47847,3,60,"364,108,13,13","R",-1,"#AC50C0",1.000
47848,3,60,"377,108,13,13","R",-1,"#AC50C0",1.000
47849,3,60,"390,108,13,13","R",-1,"#AC50C0",1.000
47850,3,60,"403,108,13,13","R",-1,"#AC50C0",1.000
47851,3,60,"416,108,14,13","R",-1,"#AC50C0",1.000
47852,3,60,"910,108,14,13","R",-1,"#AC50C0",1.000
47853,3,60,"924,108,14,13","R",-1,"#AC50C0",1.000
47854,3,60,"938,108,14,13","R",-1,"#AC50C0",1.000
47855,3,60,"952,108,14,13","R",-1,"#AC50C0",1.000
47856,3,60,"966,108,14,13","R",-1,"#AC50C0",1.000
47857,3,60,"469,108,15,13","R",-1,"#AC50C0",1.000
47858,3,60,"484,108,15,13","R",-1,"#AC50C0",1.000
47859,3,60,"499,108,15,13","R",-1,"#AC50C0",1.000
47860,3,60,"514,108,15,13","R",-1,"#AC50C0",1.000
47861,3,60,"529,108,15,13","R",-1,"#AC50C0",1.000
47862,3,60,"544,108,15,13","R",-1,"#AC50C0",1.000
47863,3,60,"559,108,15,13","R",-1,"#AC50C0",1.000
47864,3,60,"574,108,15,13","R",-1,"#AC50C0",1.000
47865,3,60,"589,108,15,13","R",-1,"#AC50C0",1.000
47866,3,60,"604,108,15,13","R",-1,"#AC50C0",1.000
47867,3,60,"619,108,15,13","R",-1,"#AC50C0",1.000
47868,3,60,"634,108,15,13","R",-1,"#AC50C0",1.000
47869,3,60,"649,108,15,13","R",-1,"#AC50C0",1.000
47870,3,60,"664,108,15,13","R",-1,"#AC50C0",1.000
47871,3,60,"679,108,15,13","R",-1,"#AC50C0",1.000
47872,3,60,"694,108,15,13","R",-1,"#AC50C0",1.000
47873,3,60,"709,108,15,13","R",-1,"#AC50C0",1.000
47874,3,60,"724,108,15,13","R",-1,"#AC50C0",1.000
47875,3,60,"738,108,15,13","R",-1,"#AC50C0",1.000
47876,3,60,"752,108,15,13","R",-1,"#AC50C0",1.000
47877,3,60,"766,108,15,13","R",-1,"#AC50C0",1.000
47878,3,60,"780,108,15,13","R",-1,"#AC50C0",1.000
47879,3,60,"794,108,15,13","R",-1,"#AC50C0",1.000
47880,3,60,"808,108,15,13","R",-1,"#AC50C0",1.000
47881,3,60,"822,108,15,13","R",-1,"#AC50C0",1.000
47882,3,60,"836,108,15,13","R",-1,"#AC50C0",1.000
47883,3,60,"850,108,15,13","R",-1,"#AC50C0",1.000
49106,2,41,"L,24,79,36,79|L,36,79,36,74|L,36,74,16,74|L,16,74,16,91|L,16,91,24,91","E",1,"#CCCCCC",1.000
49107,2,41,"L,36,79,36,74|L,36,74,56,74|L,56,74,56,91|L,56,91,48,91|L,48,91,48,79","E",1,"#CCCCCC",1.000
49108,2,41,"L,24,91,16,91|L,16,91,16,108|L,16,108,36,108|L,36,108,36,103|L,36,103,24,103","E",1,"#CCCCCC",1.000
49109,2,41,"L,36,103,36,108|L,36,108,56,108|L,56,108,56,91|L,56,91,48,91|L,48,91,48,103","E",1,"#CCCCCC",1.000
49110,2,41,"L,116,79,128,79|L,128,79,128,74|L,128,74,108,74|L,108,74,108,91|L,108,91,116,91","E",1,"#CCCCCC",1.000
49111,2,41,"L,128,79,128,74|L,128,74,148,74|L,148,74,148,91|L,148,91,140,91|L,140,91,140,79","E",1,"#CCCCCC",1.000
49112,2,41,"L,116,91,108,91|L,108,91,108,108|L,108,108,128,108|L,128,108,128,103|L,128,103,116,103","E",1,"#CCCCCC",1.000
49113,2,41,"L,128,103,128,108|L,128,108,148,108|L,148,108,148,91|L,148,91,140,91|L,140,91,140,103","E",1,"#CCCCCC",1.000
49114,2,41,"L,158,79,170,79|L,170,79,170,74|L,170,74,150,74|L,150,74,150,91|L,150,91,158,91","E",1,"#CCCCCC",1.000
49115,2,41,"L,170,79,170,74|L,170,74,190,74|L,190,74,190,91|L,190,91,182,91|L,182,91,182,79","E",1,"#CCCCCC",1.000
49116,2,41,"L,158,91,150,91|L,150,91,150,108|L,150,108,170,108|L,170,108,170,103|L,170,103,158,103","E",1,"#CCCCCC",1.000
49117,2,41,"L,170,103,170,108|L,170,108,190,108|L,190,108,190,91|L,190,91,182,91|L,182,91,182,103","E",1,"#CCCCCC",1.000
49118,2,41,"L,197,79,209,79|L,209,79,209,74|L,209,74,189,74|L,189,74,189,91|L,189,91,197,91","E",1,"#CCCCCC",1.000
49119,2,41,"L,209,79,209,74|L,209,74,229,74|L,229,74,229,91|L,229,91,221,91|L,221,91,221,79","E",1,"#CCCCCC",1.000
49120,2,41,"L,197,91,189,91|L,189,91,189,108|L,189,108,209,108|L,209,108,209,103|L,209,103,197,103","E",1,"#CCCCCC",1.000
49121,2,41,"L,209,103,209,108|L,209,108,229,108|L,229,108,229,91|L,229,91,221,91|L,221,91,221,103","E",1,"#CCCCCC",1.000
49122,2,41,"L,238,79,250,79|L,250,79,250,74|L,250,74,230,74|L,230,74,230,91|L,230,91,238,91","E",1,"#CCCCCC",1.000
49123,2,41,"L,250,79,250,74|L,250,74,270,74|L,270,74,270,91|L,270,91,262,91|L,262,91,262,79","E",1,"#CCCCCC",1.000
49124,2,41,"L,238,91,230,91|L,230,91,230,108|L,230,108,250,108|L,250,108,250,103|L,250,103,238,103","E",1,"#CCCCCC",1.000
49125,2,41,"L,250,103,250,108|L,250,108,270,108|L,270,108,270,91|L,270,91,262,91|L,262,91,262,103","E",1,"#CCCCCC",1.000
49126,2,41,"L,279,79,291,79|L,291,79,291,74|L,291,74,271,74|L,271,74,271,91|L,271,91,279,91","E",1,"#CCCCCC",1.000
49127,2,41,"L,291,79,291,74|L,291,74,311,74|L,311,74,311,91|L,311,91,303,91|L,303,91,303,79","E",1,"#CCCCCC",1.000
49128,2,41,"L,279,91,271,91|L,271,91,271,108|L,271,108,291,108|L,291,108,291,103|L,291,103,279,103","E",1,"#CCCCCC",1.000
49129,2,41,"L,291,103,291,108|L,291,108,311,108|L,311,108,311,91|L,311,91,303,91|L,303,91,303,103","E",1,"#CCCCCC",1.000
49130,2,41,"L,320,79,332,79|L,332,79,332,74|L,332,74,312,74|L,312,74,312,91|L,312,91,320,91","E",1,"#CCCCCC",1.000
49131,2,41,"L,332,79,332,74|L,332,74,352,74|L,352,74,352,91|L,352,91,344,91|L,344,91,344,79","E",1,"#CCCCCC",1.000
49132,2,41,"L,320,91,312,91|L,312,91,312,108|L,312,108,332,108|L,332,108,332,103|L,332,103,320,103","E",1,"#CCCCCC",1.000
49133,2,41,"L,332,103,332,108|L,332,108,352,108|L,352,108,352,91|L,352,91,344,91|L,344,91,344,103","E",1,"#CCCCCC",1.000
49134,2,41,"L,361,79,373,79|L,373,79,373,74|L,373,74,353,74|L,353,74,353,91|L,353,91,361,91","E",1,"#CCCCCC",1.000
49135,2,41,"L,373,79,373,74|L,373,74,393,74|L,393,74,393,91|L,393,91,385,91|L,385,91,385,79","E",1,"#CCCCCC",1.000
49136,2,41,"L,361,91,353,91|L,353,91,353,108|L,353,108,373,108|L,373,108,373,103|L,373,103,361,103","E",1,"#CCCCCC",1.000
49137,2,41,"L,373,103,373,108|L,373,108,393,108|L,393,108,393,91|L,393,91,385,91|L,385,91,385,103","E",1,"#CCCCCC",1.000
49138,2,41,"L,402,79,414,79|L,414,79,414,74|L,414,74,394,74|L,394,74,394,91|L,394,91,402,91","E",1,"#CCCCCC",1.000
49139,2,41,"L,414,79,414,74|L,414,74,434,74|L,434,74,434,91|L,434,91,426,91|L,426,91,426,79","E",1,"#CCCCCC",1.000
49140,2,41,"L,402,91,394,91|L,394,91,394,108|L,394,108,414,108|L,414,108,414,103|L,414,103,402,103","E",1,"#CCCCCC",1.000
49141,2,41,"L,414,103,414,108|L,414,108,434,108|L,434,108,434,91|L,434,91,426,91|L,426,91,426,103","E",1,"#CCCCCC",1.000
49142,2,41,"L,475,79,487,79|L,487,79,487,74|L,487,74,467,74|L,467,74,467,91|L,467,91,475,91","E",1,"#CCCCCC",1.000
49143,2,41,"L,487,79,487,74|L,487,74,507,74|L,507,74,507,91|L,507,91,499,91|L,499,91,499,79","E",1,"#CCCCCC",1.000
49144,2,41,"L,475,91,467,91|L,467,91,467,108|L,467,108,487,108|L,487,108,487,103|L,487,103,475,103","E",1,"#CCCCCC",1.000
49145,2,41,"L,487,103,487,108|L,487,108,507,108|L,507,108,507,91|L,507,91,499,91|L,499,91,499,103","E",1,"#CCCCCC",1.000
49146,2,41,"L,516,79,528,79|L,528,79,528,74|L,528,74,508,74|L,508,74,508,91|L,508,91,516,91","E",1,"#CCCCCC",1.000
49147,2,41,"L,528,79,528,74|L,528,74,548,74|L,548,74,548,91|L,548,91,540,91|L,540,91,540,79","E",1,"#CCCCCC",1.000
49148,2,41,"L,516,91,508,91|L,508,91,508,108|L,508,108,528,108|L,528,108,528,103|L,528,103,516,103","E",1,"#CCCCCC",1.000
49149,2,41,"L,528,103,528,108|L,528,108,548,108|L,548,108,548,91|L,548,91,540,91|L,540,91,540,103","E",1,"#CCCCCC",1.000
49150,2,41,"L,557,79,569,79|L,569,79,569,74|L,569,74,549,74|L,549,74,549,91|L,549,91,557,91","E",1,"#CCCCCC",1.000
49151,2,41,"L,569,79,569,74|L,569,74,589,74|L,589,74,589,91|L,589,91,581,91|L,581,91,581,79","E",1,"#CCCCCC",1.000
49152,2,41,"L,557,91,549,91|L,549,91,549,108|L,549,108,569,108|L,569,108,569,103|L,569,103,557,103","E",1,"#CCCCCC",1.000
49153,2,41,"L,569,103,569,108|L,569,108,589,108|L,589,108,589,91|L,589,91,581,91|L,581,91,581,103","E",1,"#CCCCCC",1.000
49154,2,41,"L,598,79,610,79|L,610,79,610,74|L,610,74,590,74|L,590,74,590,91|L,590,91,598,91","E",1,"#CCCCCC",1.000
49155,2,41,"L,610,79,610,74|L,610,74,630,74|L,630,74,630,91|L,630,91,622,91|L,622,91,622,79","E",1,"#CCCCCC",1.000
49156,2,41,"L,598,91,590,91|L,590,91,590,108|L,590,108,610,108|L,610,108,610,103|L,610,103,598,103","E",1,"#CCCCCC",1.000
49157,2,41,"L,610,103,610,108|L,610,108,630,108|L,630,108,630,91|L,630,91,622,91|L,622,91,622,103","E",1,"#CCCCCC",1.000
49158,2,41,"L,638,79,650,79|L,650,79,650,74|L,650,74,630,74|L,630,74,630,91|L,630,91,638,91","E",1,"#CCCCCC",1.000
49159,2,41,"L,650,79,650,74|L,650,74,670,74|L,670,74,670,91|L,670,91,662,91|L,662,91,662,79","E",1,"#CCCCCC",1.000
49160,2,41,"L,638,91,630,91|L,630,91,630,108|L,630,108,650,108|L,650,108,650,103|L,650,103,638,103","E",1,"#CCCCCC",1.000
49161,2,41,"L,650,103,650,108|L,650,108,670,108|L,670,108,670,91|L,670,91,662,91|L,662,91,662,103","E",1,"#CCCCCC",1.000
49162,2,41,"L,679,79,691,79|L,691,79,691,74|L,691,74,671,74|L,671,74,671,91|L,671,91,679,91","E",1,"#CCCCCC",1.000
49163,2,41,"L,691,79,691,74|L,691,74,711,74|L,711,74,711,91|L,711,91,703,91|L,703,91,703,79","E",1,"#CCCCCC",1.000
49164,2,41,"L,679,91,671,91|L,671,91,671,108|L,671,108,691,108|L,691,108,691,103|L,691,103,679,103","E",1,"#CCCCCC",1.000
49165,2,41,"L,691,103,691,108|L,691,108,711,108|L,711,108,711,91|L,711,91,703,91|L,703,91,703,103","E",1,"#CCCCCC",1.000
49166,2,41,"L,720,79,732,79|L,732,79,732,74|L,732,74,712,74|L,712,74,712,91|L,712,91,720,91","E",1,"#CCCCCC",1.000
49167,2,41,"L,732,79,732,74|L,732,74,752,74|L,752,74,752,91|L,752,91,744,91|L,744,91,744,79","E",1,"#CCCCCC",1.000
49168,2,41,"L,720,91,712,91|L,712,91,712,108|L,712,108,732,108|L,732,108,732,103|L,732,103,720,103","E",1,"#CCCCCC",1.000
49169,2,41,"L,732,103,732,108|L,732,108,752,108|L,752,108,752,91|L,752,91,744,91|L,744,91,744,103","E",1,"#CCCCCC",1.000
49170,2,41,"L,761,79,773,79|L,773,79,773,74|L,773,74,753,74|L,753,74,753,91|L,753,91,761,91","E",1,"#CCCCCC",1.000
49171,2,41,"L,773,79,773,74|L,773,74,793,74|L,793,74,793,91|L,793,91,785,91|L,785,91,785,79","E",1,"#CCCCCC",1.000
49172,2,41,"L,761,91,753,91|L,753,91,753,108|L,753,108,773,108|L,773,108,773,103|L,773,103,761,103","E",1,"#CCCCCC",1.000
49173,2,41,"L,773,103,773,108|L,773,108,793,108|L,793,108,793,91|L,793,91,785,91|L,785,91,785,103","E",1,"#CCCCCC",1.000
49174,2,41,"L,801,79,813,79|L,813,79,813,74|L,813,74,793,74|L,793,74,793,91|L,793,91,801,91","E",1,"#CCCCCC",1.000
49175,2,41,"L,813,79,813,74|L,813,74,833,74|L,833,74,833,91|L,833,91,825,91|L,825,91,825,79","E",1,"#CCCCCC",1.000
49176,2,41,"L,801,91,793,91|L,793,91,793,108|L,793,108,813,108|L,813,108,813,103|L,813,103,801,103","E",1,"#CCCCCC",1.000
49177,2,41,"L,813,103,813,108|L,813,108,833,108|L,833,108,833,91|L,833,91,825,91|L,825,91,825,103","E",1,"#CCCCCC",1.000
49178,2,41,"L,840,79,852,79|L,852,79,852,74|L,852,74,832,74|L,832,74,832,91|L,832,91,840,91","E",1,"#CCCCCC",1.000
49179,2,41,"L,852,79,852,74|L,852,74,872,74|L,872,74,872,91|L,872,91,864,91|L,864,91,864,79","E",1,"#CCCCCC",1.000
49180,2,41,"L,840,91,832,91|L,832,91,832,108|L,832,108,852,108|L,852,108,852,103|L,852,103,840,103","E",1,"#CCCCCC",1.000
49181,2,41,"L,852,103,852,108|L,852,108,872,108|L,872,108,872,91|L,872,91,864,91|L,864,91,864,103","E",1,"#CCCCCC",1.000
49182,2,41,"L,928,79,940,79|L,940,79,940,74|L,940,74,920,74|L,920,74,920,91|L,920,91,928,91","E",1,"#CCCCCC",1.000
49183,2,41,"L,940,79,940,74|L,940,74,960,74|L,960,74,960,91|L,960,91,952,91|L,952,91,952,79","E",1,"#CCCCCC",1.000
49184,2,41,"L,928,91,920,91|L,920,91,920,108|L,920,108,940,108|L,940,108,940,103|L,940,103,928,103","E",1,"#CCCCCC",1.000
49185,2,41,"L,940,103,940,108|L,940,108,960,108|L,960,108,960,91|L,960,91,952,91|L,952,91,952,103","E",1,"#CCCCCC",1.000
49186,3,41,"L,24,79,36,79|L,36,79,36,74|L,36,74,16,74|L,16,74,16,91|L,16,91,24,91","E",1,"#CCCCCC",1.000
49187,3,41,"L,36,79,36,74|L,36,74,56,74|L,56,74,56,91|L,56,91,48,91|L,48,91,48,79","E",1,"#CCCCCC",1.000
49188,3,41,"L,24,91,16,91|L,16,91,16,108|L,16,108,36,108|L,36,108,36,103|L,36,103,24,103","E",1,"#CCCCCC",1.000
49189,3,41,"L,36,103,36,108|L,36,108,56,108|L,56,108,56,91|L,56,91,48,91|L,48,91,48,103","E",1,"#CCCCCC",1.000
49190,3,41,"L,116,79,128,79|L,128,79,128,74|L,128,74,108,74|L,108,74,108,91|L,108,91,116,91","E",1,"#CCCCCC",1.000
49191,3,41,"L,128,79,128,74|L,128,74,148,74|L,148,74,148,91|L,148,91,140,91|L,140,91,140,79","E",1,"#CCCCCC",1.000
49192,3,41,"L,116,91,108,91|L,108,91,108,108|L,108,108,128,108|L,128,108,128,103|L,128,103,116,103","E",1,"#CCCCCC",1.000
49193,3,41,"L,128,103,128,108|L,128,108,148,108|L,148,108,148,91|L,148,91,140,91|L,140,91,140,103","E",1,"#CCCCCC",1.000
49194,3,41,"L,158,79,170,79|L,170,79,170,74|L,170,74,150,74|L,150,74,150,91|L,150,91,158,91","E",1,"#CCCCCC",1.000
49195,3,41,"L,170,79,170,74|L,170,74,190,74|L,190,74,190,91|L,190,91,182,91|L,182,91,182,79","E",1,"#CCCCCC",1.000
49196,3,41,"L,158,91,150,91|L,150,91,150,108|L,150,108,170,108|L,170,108,170,103|L,170,103,158,103","E",1,"#CCCCCC",1.000
49197,3,41,"L,170,103,170,108|L,170,108,190,108|L,190,108,190,91|L,190,91,182,91|L,182,91,182,103","E",1,"#CCCCCC",1.000
49198,3,41,"L,197,79,209,79|L,209,79,209,74|L,209,74,189,74|L,189,74,189,91|L,189,91,197,91","E",1,"#CCCCCC",1.000
49199,3,41,"L,209,79,209,74|L,209,74,229,74|L,229,74,229,91|L,229,91,221,91|L,221,91,221,79","E",1,"#CCCCCC",1.000
49200,3,41,"L,197,91,189,91|L,189,91,189,108|L,189,108,209,108|L,209,108,209,103|L,209,103,197,103","E",1,"#CCCCCC",1.000
49201,3,41,"L,209,103,209,108|L,209,108,229,108|L,229,108,229,91|L,229,91,221,91|L,221,91,221,103","E",1,"#CCCCCC",1.000
49202,3,41,"L,238,79,250,79|L,250,79,250,74|L,250,74,230,74|L,230,74,230,91|L,230,91,238,91","E",1,"#CCCCCC",1.000
49203,3,41,"L,250,79,250,74|L,250,74,270,74|L,270,74,270,91|L,270,91,262,91|L,262,91,262,79","E",1,"#CCCCCC",1.000
49204,3,41,"L,238,91,230,91|L,230,91,230,108|L,230,108,250,108|L,250,108,250,103|L,250,103,238,103","E",1,"#CCCCCC",1.000
49205,3,41,"L,250,103,250,108|L,250,108,270,108|L,270,108,270,91|L,270,91,262,91|L,262,91,262,103","E",1,"#CCCCCC",1.000
49206,3,41,"L,279,79,291,79|L,291,79,291,74|L,291,74,271,74|L,271,74,271,91|L,271,91,279,91","E",1,"#CCCCCC",1.000
49207,3,41,"L,291,79,291,74|L,291,74,311,74|L,311,74,311,91|L,311,91,303,91|L,303,91,303,79","E",1,"#CCCCCC",1.000
49208,3,41,"L,279,91,271,91|L,271,91,271,108|L,271,108,291,108|L,291,108,291,103|L,291,103,279,103","E",1,"#CCCCCC",1.000
49209,3,41,"L,291,103,291,108|L,291,108,311,108|L,311,108,311,91|L,311,91,303,91|L,303,91,303,103","E",1,"#CCCCCC",1.000
49210,3,41,"L,320,79,332,79|L,332,79,332,74|L,332,74,312,74|L,312,74,312,91|L,312,91,320,91","E",1,"#CCCCCC",1.000
49211,3,41,"L,332,79,332,74|L,332,74,352,74|L,352,74,352,91|L,352,91,344,91|L,344,91,344,79","E",1,"#CCCCCC",1.000
49212,3,41,"L,320,91,312,91|L,312,91,312,108|L,312,108,332,108|L,332,108,332,103|L,332,103,320,103","E",1,"#CCCCCC",1.000
49213,3,41,"L,332,103,332,108|L,332,108,352,108|L,352,108,352,91|L,352,91,344,91|L,344,91,344,103","E",1,"#CCCCCC",1.000
49214,3,41,"L,361,79,373,79|L,373,79,373,74|L,373,74,353,74|L,353,74,353,91|L,353,91,361,91","E",1,"#CCCCCC",1.000
49215,3,41,"L,373,79,373,74|L,373,74,393,74|L,393,74,393,91|L,393,91,385,91|L,385,91,385,79","E",1,"#CCCCCC",1.000
49216,3,41,"L,361,91,353,91|L,353,91,353,108|L,353,108,373,108|L,373,108,373,103|L,373,103,361,103","E",1,"#CCCCCC",1.000
49217,3,41,"L,373,103,373,108|L,373,108,393,108|L,393,108,393,91|L,393,91,385,91|L,385,91,385,103","E",1,"#CCCCCC",1.000
49218,3,41,"L,402,79,414,79|L,414,79,414,74|L,414,74,394,74|L,394,74,394,91|L,394,91,402,91","E",1,"#CCCCCC",1.000
49219,3,41,"L,414,79,414,74|L,414,74,434,74|L,434,74,434,91|L,434,91,426,91|L,426,91,426,79","E",1,"#CCCCCC",1.000
49220,3,41,"L,402,91,394,91|L,394,91,394,108|L,394,108,414,108|L,414,108,414,103|L,414,103,402,103","E",1,"#CCCCCC",1.000
49221,3,41,"L,414,103,414,108|L,414,108,434,108|L,434,108,434,91|L,434,91,426,91|L,426,91,426,103","E",1,"#CCCCCC",1.000
49222,3,41,"L,475,79,487,79|L,487,79,487,74|L,487,74,467,74|L,467,74,467,91|L,467,91,475,91","E",1,"#CCCCCC",1.000
49223,3,41,"L,487,79,487,74|L,487,74,507,74|L,507,74,507,91|L,507,91,499,91|L,499,91,499,79","E",1,"#CCCCCC",1.000
49224,3,41,"L,475,91,467,91|L,467,91,467,108|L,467,108,487,108|L,487,108,487,103|L,487,103,475,103","E",1,"#CCCCCC",1.000
49225,3,41,"L,487,103,487,108|L,487,108,507,108|L,507,108,507,91|L,507,91,499,91|L,499,91,499,103","E",1,"#CCCCCC",1.000
49226,3,41,"L,516,79,528,79|L,528,79,528,74|L,528,74,508,74|L,508,74,508,91|L,508,91,516,91","E",1,"#CCCCCC",1.000
49227,3,41,"L,528,79,528,74|L,528,74,548,74|L,548,74,548,91|L,548,91,540,91|L,540,91,540,79","E",1,"#CCCCCC",1.000
49228,3,41,"L,516,91,508,91|L,508,91,508,108|L,508,108,528,108|L,528,108,528,103|L,528,103,516,103","E",1,"#CCCCCC",1.000
49229,3,41,"L,528,103,528,108|L,528,108,548,108|L,548,108,548,91|L,548,91,540,91|L,540,91,540,103","E",1,"#CCCCCC",1.000
49230,3,41,"L,557,79,569,79|L,569,79,569,74|L,569,74,549,74|L,549,74,549,91|L,549,91,557,91","E",1,"#CCCCCC",1.000
49231,3,41,"L,569,79,569,74|L,569,74,589,74|L,589,74,589,91|L,589,91,581,91|L,581,91,581,79","E",1,"#CCCCCC",1.000
49232,3,41,"L,557,91,549,91|L,549,91,549,108|L,549,108,569,108|L,569,108,569,103|L,569,103,557,103","E",1,"#CCCCCC",1.000
49233,3,41,"L,569,103,569,108|L,569,108,589,108|L,589,108,589,91|L,589,91,581,91|L,581,91,581,103","E",1,"#CCCCCC",1.000
49234,3,41,"L,598,79,610,79|L,610,79,610,74|L,610,74,590,74|L,590,74,590,91|L,590,91,598,91","E",1,"#CCCCCC",1.000
49235,3,41,"L,610,79,610,74|L,610,74,630,74|L,630,74,630,91|L,630,91,622,91|L,622,91,622,79","E",1,"#CCCCCC",1.000
49236,3,41,"L,598,91,590,91|L,590,91,590,108|L,590,108,610,108|L,610,108,610,103|L,610,103,598,103","E",1,"#CCCCCC",1.000
49237,3,41,"L,610,103,610,108|L,610,108,630,108|L,630,108,630,91|L,630,91,622,91|L,622,91,622,103","E",1,"#CCCCCC",1.000
49238,3,41,"L,638,79,650,79|L,650,79,650,74|L,650,74,630,74|L,630,74,630,91|L,630,91,638,91","E",1,"#CCCCCC",1.000
49239,3,41,"L,650,79,650,74|L,650,74,670,74|L,670,74,670,91|L,670,91,662,91|L,662,91,662,79","E",1,"#CCCCCC",1.000
49240,3,41,"L,638,91,630,91|L,630,91,630,108|L,630,108,650,108|L,650,108,650,103|L,650,103,638,103","E",1,"#CCCCCC",1.000
49241,3,41,"L,650,103,650,108|L,650,108,670,108|L,670,108,670,91|L,670,91,662,91|L,662,91,662,103","E",1,"#CCCCCC",1.000
49242,3,41,"L,679,79,691,79|L,691,79,691,74|L,691,74,671,74|L,671,74,671,91|L,671,91,679,91","E",1,"#CCCCCC",1.000
49243,3,41,"L,691,79,691,74|L,691,74,711,74|L,711,74,711,91|L,711,91,703,91|L,703,91,703,79","E",1,"#CCCCCC",1.000
49244,3,41,"L,679,91,671,91|L,671,91,671,108|L,671,108,691,108|L,691,108,691,103|L,691,103,679,103","E",1,"#CCCCCC",1.000
49245,3,41,"L,691,103,691,108|L,691,108,711,108|L,711,108,711,91|L,711,91,703,91|L,703,91,703,103","E",1,"#CCCCCC",1.000
49246,3,41,"L,720,79,732,79|L,732,79,732,74|L,732,74,712,74|L,712,74,712,91|L,712,91,720,91","E",1,"#CCCCCC",1.000
49247,3,41,"L,732,79,732,74|L,732,74,752,74|L,752,74,752,91|L,752,91,744,91|L,744,91,744,79","E",1,"#CCCCCC",1.000
49248,3,41,"L,720,91,712,91|L,712,91,712,108|L,712,108,732,108|L,732,108,732,103|L,732,103,720,103","E",1,"#CCCCCC",1.000
49249,3,41,"L,732,103,732,108|L,732,108,752,108|L,752,108,752,91|L,752,91,744,91|L,744,91,744,103","E",1,"#CCCCCC",1.000
49250,3,41,"L,761,79,773,79|L,773,79,773,74|L,773,74,753,74|L,753,74,753,91|L,753,91,761,91","E",1,"#CCCCCC",1.000
49251,3,41,"L,773,79,773,74|L,773,74,793,74|L,793,74,793,91|L,793,91,785,91|L,785,91,785,79","E",1,"#CCCCCC",1.000
49252,3,41,"L,761,91,753,91|L,753,91,753,108|L,753,108,773,108|L,773,108,773,103|L,773,103,761,103","E",1,"#CCCCCC",1.000
49253,3,41,"L,773,103,773,108|L,773,108,793,108|L,793,108,793,91|L,793,91,785,91|L,785,91,785,103","E",1,"#CCCCCC",1.000
49254,3,41,"L,801,79,813,79|L,813,79,813,74|L,813,74,793,74|L,793,74,793,91|L,793,91,801,91","E",1,"#CCCCCC",1.000
49255,3,41,"L,813,79,813,74|L,813,74,833,74|L,833,74,833,91|L,833,91,825,91|L,825,91,825,79","E",1,"#CCCCCC",1.000
49256,3,41,"L,801,91,793,91|L,793,91,793,108|L,793,108,813,108|L,813,108,813,103|L,813,103,801,103","E",1,"#CCCCCC",1.000
49257,3,41,"L,813,103,813,108|L,813,108,833,108|L,833,108,833,91|L,833,91,825,91|L,825,91,825,103","E",1,"#CCCCCC",1.000
49258,3,41,"L,840,79,852,79|L,852,79,852,74|L,852,74,832,74|L,832,74,832,91|L,832,91,840,91","E",1,"#CCCCCC",1.000
49259,3,41,"L,852,79,852,74|L,852,74,872,74|L,872,74,872,91|L,872,91,864,91|L,864,91,864,79","E",1,"#CCCCCC",1.000
49260,3,41,"L,840,91,832,91|L,832,91,832,108|L,832,108,852,108|L,852,108,852,103|L,852,103,840,103","E",1,"#CCCCCC",1.000
49261,3,41,"L,852,103,852,108|L,852,108,872,108|L,872,108,872,91|L,872,91,864,91|L,864,91,864,103","E",1,"#CCCCCC",1.000
49262,3,41,"L,928,79,940,79|L,940,79,940,74|L,940,74,920,74|L,920,74,920,91|L,920,91,928,91","E",1,"#CCCCCC",1.000
49263,3,41,"L,940,79,940,74|L,940,74,960,74|L,960,74,960,91|L,960,91,952,91|L,952,91,952,79","E",1,"#CCCCCC",1.000
49264,3,41,"L,928,91,920,91|L,920,91,920,108|L,920,108,940,108|L,940,108,940,103|L,940,103,928,103","E",1,"#CCCCCC",1.000
49265,3,41,"L,940,103,940,108|L,940,108,960,108|L,960,108,960,91|L,960,91,952,91|L,952,91,952,103","E",1,"#CCCCCC",1.000
49822,2,61,"0,132,14,21","R",-1,"#82418B",1.500
49823,2,61,"14,132,14,21","R",-1,"#82418B",1.500
49824,2,61,"28,132,14,21","R",-1,"#82418B",1.500
49825,2,61,"42,132,14,21","R",-1,"#82418B",1.500
49826,2,61,"56,132,14,21","R",-1,"#82418B",1.500
49827,2,61,"112,132,14,21","R",-1,"#82418B",1.500
49828,2,61,"126,132,14,21","R",-1,"#82418B",1.500
49829,2,61,"140,132,14,21","R",-1,"#82418B",1.500
49830,2,61,"154,132,14,21","R",-1,"#82418B",1.500
49831,2,61,"168,132,14,21","R",-1,"#82418B",1.500
49832,2,61,"182,132,14,21","R",-1,"#82418B",1.500
49833,2,61,"196,132,14,21","R",-1,"#82418B",1.500
49834,2,61,"210,132,14,21","R",-1,"#82418B",1.500
49835,2,61,"224,132,14,21","R",-1,"#82418B",1.500
49836,2,61,"238,132,14,21","R",-1,"#82418B",1.500
49837,2,61,"252,132,14,21","R",-1,"#82418B",1.500
49838,2,61,"266,132,14,21","R",-1,"#82418B",1.500
49839,2,61,"280,132,14,21","R",-1,"#82418B",1.500
49840,2,61,"294,132,14,21","R",-1,"#82418B",1.500
49841,2,61,"308,132,14,21","R",-1,"#82418B",1.500
49842,2,61,"322,132,14,21","R",-1,"#82418B",1.500
49843,2,61,"336,132,14,21","R",-1,"#82418B",1.500
49844,2,61,"350,132,14,21","R",-1,"#82418B",1.500
49845,2,61,"364,132,13,21","R",-1,"#82418B",1.500
49846,2,61,"377,132,13,21","R",-1,"#82418B",1.500
49847,2,61,"390,132,13,21","R",-1,"#82418B",1.500
49848,2,61,"403,132,13,21","R",-1,"#82418B",1.500
49849,2,61,"416,132,14,21","R",-1,"#82418B",1.500
49850,2,61,"910,132,14,21","R",-1,"#82418B",1.500
49851,2,61,"924,132,14,21","R",-1,"#82418B",1.500
49852,2,61,"938,132,14,21","R",-1,"#82418B",1.500
49853,2,61,"952,132,14,21","R",-1,"#82418B",1.500
49854,2,61,"966,132,14,21","R",-1,"#82418B",1.500
49855,2,61,"469,132,15,21","R",-1,"#82418B",1.500
49856,2,61,"484,132,15,21","R",-1,"#82418B",1.500
49857,2,61,"499,132,15,21","R",-1,"#82418B",1.500
49858,2,61,"514,132,15,21","R",-1,"#82418B",1.500
49859,2,61,"529,132,15,21","R",-1,"#82418B",1.500
49860,2,61,"544,132,15,21","R",-1,"#82418B",1.500
49861,2,61,"559,132,15,21","R",-1,"#82418B",1.500
49862,2,61,"574,132,15,21","R",-1,"#82418B",1.500
49863,2,61,"589,132,15,21","R",-1,"#82418B",1.500
49864,2,61,"604,132,15,21","R",-1,"#82418B",1.500
49865,2,61,"619,132,15,21","R",-1,"#82418B",1.500
49866,2,61,"634,132,15,21","R",-1,"#82418B",1.500
49867,2,61,"649,132,15,21","R",-1,"#82418B",1.500
49868,2,61,"664,132,15,21","R",-1,"#82418B",1.500
49869,2,61,"679,132,15,21","R",-1,"#82418B",1.500
49870,2,61,"694,132,15,21","R",-1,"#82418B",1.500
49871,2,61,"709,132,15,21","R",-1,"#82418B",1.500
49872,2,61,"724,132,15,21","R",-1,"#82418B",1.500
49873,2,61,"738,132,15,21","R",-1,"#82418B",1.500
49874,2,61,"752,132,15,21","R",-1,"#82418B",1.500
49875,2,61,"766,132,15,21","R",-1,"#82418B",1.500
49876,2,61,"780,132,15,21","R",-1,"#82418B",1.500
49877,2,61,"794,132,15,21","R",-1,"#82418B",1.500
49878,2,61,"808,132,15,21","R",-1,"#82418B",1.500
49879,2,61,"822,132,15,21","R",-1,"#82418B",1.500
49880,2,61,"836,132,15,21","R",-1,"#82418B",1.500
49881,2,61,"850,132,15,21","R",-1,"#82418B",1.500
49882,2,61,"0,120,14,12","R",-1,"#82418B",0.500
49883,2,61,"14,120,14,12","R",-1,"#82418B",0.500
49884,2,61,"28,120,14,12","R",-1,"#82418B",0.500
49885,2,61,"42,120,14,12","R",-1,"#82418B",0.500
49886,2,61,"56,120,14,12","R",-1,"#82418B",0.500
49887,2,61,"112,120,14,12","R",-1,"#82418B",0.500
49888,2,61,"126,120,14,12","R",-1,"#82418B",0.500
49889,2,61,"140,120,14,12","R",-1,"#82418B",0.500
49890,2,61,"154,120,14,12","R",-1,"#82418B",0.500
49891,2,61,"168,120,14,12","R",-1,"#82418B",0.500
49892,2,61,"182,120,14,12","R",-1,"#82418B",0.500
49893,2,61,"196,120,14,12","R",-1,"#82418B",0.500
49894,2,61,"210,120,14,12","R",-1,"#82418B",0.500
49895,2,61,"224,120,14,12","R",-1,"#82418B",0.500
49896,2,61,"238,120,14,12","R",-1,"#82418B",0.500
49897,2,61,"252,120,14,12","R",-1,"#82418B",0.500
49898,2,61,"266,120,14,12","R",-1,"#82418B",0.500
49899,2,61,"280,120,14,12","R",-1,"#82418B",0.500
49900,2,61,"294,120,14,12","R",-1,"#82418B",0.500
49901,2,61,"308,120,14,12","R",-1,"#82418B",0.500
49902,2,61,"322,120,14,12","R",-1,"#82418B",0.500
49903,2,61,"336,120,14,12","R",-1,"#82418B",0.500
49904,2,61,"350,120,14,12","R",-1,"#82418B",0.500
49905,2,61,"364,120,13,12","R",-1,"#82418B",0.500
49906,2,61,"377,120,13,12","R",-1,"#82418B",0.500
49907,2,61,"390,120,13,12","R",-1,"#82418B",0.500
49908,2,61,"403,120,13,12","R",-1,"#82418B",0.500
49909,2,61,"416,120,14,12","R",-1,"#82418B",0.500
49910,2,61,"910,120,14,12","R",-1,"#82418B",0.500
49911,2,61,"924,120,14,12","R",-1,"#82418B",0.500
49912,2,61,"938,120,14,12","R",-1,"#82418B",0.500
49913,2,61,"952,120,14,12","R",-1,"#82418B",0.500
49914,2,61,"966,120,14,12","R",-1,"#82418B",0.500
49915,2,61,"469,120,15,12","R",-1,"#82418B",0.500
49916,2,61,"484,120,15,12","R",-1,"#82418B",0.500
49917,2,61,"499,120,15,12","R",-1,"#82418B",0.500
49918,2,61,"514,120,15,12","R",-1,"#82418B",0.500
49919,2,61,"529,120,15,12","R",-1,"#82418B",0.500
49920,2,61,"544,120,15,12","R",-1,"#82418B",0.500
49921,2,61,"559,120,15,12","R",-1,"#82418B",0.500
49922,2,61,"574,120,15,12","R",-1,"#82418B",0.500
49923,2,61,"589,120,15,12","R",-1,"#82418B",0.500
49924,2,61,"604,120,15,12","R",-1,"#82418B",0.500
49925,2,61,"619,120,15,12","R",-1,"#82418B",0.500
49926,2,61,"634,120,15,12","R",-1,"#82418B",0.500
49927,2,61,"649,120,15,12","R",-1,"#82418B",0.500
49928,2,61,"664,120,15,12","R",-1,"#82418B",0.500
49929,2,61,"679,120,15,12","R",-1,"#82418B",0.500
49930,2,61,"694,120,15,12","R",-1,"#82418B",0.500
49931,2,61,"709,120,15,12","R",-1,"#82418B",0.500
49932,2,61,"724,120,15,12","R",-1,"#82418B",0.500
49933,2,61,"738,120,15,12","R",-1,"#82418B",0.500
49934,2,61,"752,120,15,12","R",-1,"#82418B",0.500
49935,2,61,"766,120,15,12","R",-1,"#82418B",0.500
49936,2,61,"780,120,15,12","R",-1,"#82418B",0.500
49937,2,61,"794,120,15,12","R",-1,"#82418B",0.500
49938,2,61,"808,120,15,12","R",-1,"#82418B",0.500
49939,2,61,"822,120,15,12","R",-1,"#82418B",0.500
49940,2,61,"836,120,15,12","R",-1,"#82418B",0.500
49941,2,61,"850,120,15,12","R",-1,"#82418B",0.500
49942,3,61,"0,132,14,21","R",-1,"#82418B",1.500
49943,3,61,"14,132,14,21","R",-1,"#82418B",1.500
49944,3,61,"28,132,14,21","R",-1,"#82418B",1.500
49945,3,61,"42,132,14,21","R",-1,"#82418B",1.500
49946,3,61,"56,132,14,21","R",-1,"#82418B",1.500
49947,3,61,"112,132,14,21","R",-1,"#82418B",1.500
49948,3,61,"126,132,14,21","R",-1,"#82418B",1.500
49949,3,61,"140,132,14,21","R",-1,"#82418B",1.500
49950,3,61,"154,132,14,21","R",-1,"#82418B",1.500
49951,3,61,"168,132,14,21","R",-1,"#82418B",1.500
49952,3,61,"182,132,14,21","R",-1,"#82418B",1.500
49953,3,61,"196,132,14,21","R",-1,"#82418B",1.500
49954,3,61,"210,132,14,21","R",-1,"#82418B",1.500
49955,3,61,"224,132,14,21","R",-1,"#82418B",1.500
49956,3,61,"238,132,14,21","R",-1,"#82418B",1.500
49957,3,61,"252,132,14,21","R",-1,"#82418B",1.500
49958,3,61,"266,132,14,21","R",-1,"#82418B",1.500
49959,3,61,"280,132,14,21","R",-1,"#82418B",1.500
49960,3,61,"294,132,14,21","R",-1,"#82418B",1.500
49961,3,61,"308,132,14,21","R",-1,"#82418B",1.500
49962,3,61,"322,132,14,21","R",-1,"#82418B",1.500
49963,3,61,"336,132,14,21","R",-1,"#82418B",1.500
49964,3,61,"350,132,14,21","R",-1,"#82418B",1.500
49965,3,61,"364,132,13,21","R",-1,"#82418B",1.500
49966,3,61,"377,132,13,21","R",-1,"#82418B",1.500
49967,3,61,"390,132,13,21","R",-1,"#82418B",1.500
49968,3,61,"403,132,13,21","R",-1,"#82418B",1.500
49969,3,61,"416,132,14,21","R",-1,"#82418B",1.500
49970,3,61,"910,132,14,21","R",-1,"#82418B",1.500
49971,3,61,"924,132,14,21","R",-1,"#82418B",1.500
49972,3,61,"938,132,14,21","R",-1,"#82418B",1.500
49973,3,61,"952,132,14,21","R",-1,"#82418B",1.500
49974,3,61,"966,132,14,21","R",-1,"#82418B",1.500
49975,3,61,"469,132,15,21","R",-1,"#82418B",1.500
49976,3,61,"484,132,15,21","R",-1,"#82418B",1.500
49977,3,61,"499,132,15,21","R",-1,"#82418B",1.500
49978,3,61,"514,132,15,21","R",-1,"#82418B",1.500
49979,3,61,"529,132,15,21","R",-1,"#82418B",1.500
49980,3,61,"544,132,15,21","R",-1,"#82418B",1.500
49981,3,61,"559,132,15,21","R",-1,"#82418B",1.500
49982,3,61,"574,132,15,21","R",-1,"#82418B",1.500
49983,3,61,"589,132,15,21","R",-1,"#82418B",1.500
49984,3,61,"604,132,15,21","R",-1,"#82418B",1.500
49985,3,61,"619,132,15,21","R",-1,"#82418B",1.500
49986,3,61,"634,132,15,21","R",-1,"#82418B",1.500
49987,3,61,"649,132,15,21","R",-1,"#82418B",1.500
49988,3,61,"664,132,15,21","R",-1,"#82418B",1.500
49989,3,61,"679,132,15,21","R",-1,"#82418B",1.500
49990,3,61,"694,132,15,21","R",-1,"#82418B",1.500
49991,3,61,"709,132,15,21","R",-1,"#82418B",1.500
49992,3,61,"724,132,15,21","R",-1,"#82418B",1.500
49993,3,61,"738,132,15,21","R",-1,"#82418B",1.500
49994,3,61,"752,132,15,21","R",-1,"#82418B",1.500
49995,3,61,"766,132,15,21","R",-1,"#82418B",1.500
49996,3,61,"780,132,15,21","R",-1,"#82418B",1.500
49997,3,61,"794,132,15,21","R",-1,"#82418B",1.500
49998,3,61,"808,132,15,21","R",-1,"#82418B",1.500
49999,3,61,"822,132,15,21","R",-1,"#82418B",1.500
50000,3,61,"836,132,15,21","R",-1,"#82418B",1.500
50001,3,61,"850,132,15,21","R",-1,"#82418B",1.500
50002,3,61,"0,120,14,12","R",-1,"#82418B",0.500
50003,3,61,"14,120,14,12","R",-1,"#82418B",0.500
50004,3,61,"28,120,14,12","R",-1,"#82418B",0.500
50005,3,61,"42,120,14,12","R",-1,"#82418B",0.500
50006,3,61,"56,120,14,12","R",-1,"#82418B",0.500
50007,3,61,"112,120,14,12","R",-1,"#82418B",0.500
50008,3,61,"126,120,14,12","R",-1,"#82418B",0.500
50009,3,61,"140,120,14,12","R",-1,"#82418B",0.500
50010,3,61,"154,120,14,12","R",-1,"#82418B",0.500
50011,3,61,"168,120,14,12","R",-1,"#82418B",0.500
50012,3,61,"182,120,14,12","R",-1,"#82418B",0.500
50013,3,61,"196,120,14,12","R",-1,"#82418B",0.500
50014,3,61,"210,120,14,12","R",-1,"#82418B",0.500
50015,3,61,"224,120,14,12","R",-1,"#82418B",0.500
50016,3,61,"238,120,14,12","R",-1,"#82418B",0.500
50017,3,61,"252,120,14,12","R",-1,"#82418B",0.500
50018,3,61,"266,120,14,12","R",-1,"#82418B",0.500
50019,3,61,"280,120,14,12","R",-1,"#82418B",0.500
50020,3,61,"294,120,14,12","R",-1,"#82418B",0.500
50021,3,61,"308,120,14,12","R",-1,"#82418B",0.500
50022,3,61,"322,120,14,12","R",-1,"#82418B",0.500
50023,3,61,"336,120,14,12","R",-1,"#82418B",0.500
50024,3,61,"350,120,14,12","R",-1,"#82418B",0.500
50025,3,61,"364,120,13,12","R",-1,"#82418B",0.500
50026,3,61,"377,120,13,12","R",-1,"#82418B",0.500
50027,3,61,"390,120,13,12","R",-1,"#82418B",0.500
50028,3,61,"403,120,13,12","R",-1,"#82418B",0.500
50029,3,61,"416,120,14,12","R",-1,"#82418B",0.500
50030,3,61,"910,120,14,12","R",-1,"#82418B",0.500
50031,3,61,"924,120,14,12","R",-1,"#82418B",0.500
50032,3,61,"938,120,14,12","R",-1,"#82418B",0.500
50033,3,61,"952,120,14,12","R",-1,"#82418B",0.500
50034,3,61,"966,120,14,12","R",-1,"#82418B",0.500
50035,3,61,"469,120,15,12","R",-1,"#82418B",0.500
50036,3,61,"484,120,15,12","R",-1,"#82418B",0.500
50037,3,61,"499,120,15,12","R",-1,"#82418B",0.500
50038,3,61,"514,120,15,12","R",-1,"#82418B",0.500
50039,3,61,"529,120,15,12","R",-1,"#82418B",0.500
50040,3,61,"544,120,15,12","R",-1,"#82418B",0.500
50041,3,61,"559,120,15,12","R",-1,"#82418B",0.500
50042,3,61,"574,120,15,12","R",-1,"#82418B",0.500
50043,3,61,"589,120,15,12","R",-1,"#82418B",0.500
50044,3,61,"604,120,15,12","R",-1,"#82418B",0.500
50045,3,61,"619,120,15,12","R",-1,"#82418B",0.500
50046,3,61,"634,120,15,12","R",-1,"#82418B",0.500
50047,3,61,"649,120,15,12","R",-1,"#82418B",0.500
50048,3,61,"664,120,15,12","R",-1,"#82418B",0.500
50049,3,61,"679,120,15,12","R",-1,"#82418B",0.500
50050,3,61,"694,120,15,12","R",-1,"#82418B",0.500
50051,3,61,"709,120,15,12","R",-1,"#82418B",0.500
50052,3,61,"724,120,15,12","R",-1,"#82418B",0.500
50053,3,61,"738,120,15,12","R",-1,"#82418B",0.500
50054,3,61,"752,120,15,12","R",-1,"#82418B",0.500
50055,3,61,"766,120,15,12","R",-1,"#82418B",0.500
50056,3,61,"780,120,15,12","R",-1,"#82418B",0.500
50057,3,61,"794,120,15,12","R",-1,"#82418B",0.500
50058,3,61,"808,120,15,12","R",-1,"#82418B",0.500
50059,3,61,"822,120,15,12","R",-1,"#82418B",0.500
50060,3,61,"836,120,15,12","R",-1,"#82418B",0.500
50061,3,61,"850,120,15,12","R",-1,"#82418B",0.500
